{"stats":{"minecraft:mined":{"minecraft:furnace":1,"minecraft:birch_leaves":1,"minecraft:crafting_table":1,"minecraft:grass":9,"minecraft:grass_block":2,"minecraft:oak_log":6,"minecraft:dirt":13,"minecraft:tall_grass":21,"minecraft:stone":28,"minecraft:oak_leaves":1,"minecraft:fern":1},"minecraft:custom":{"minecraft:time_since_rest":44980,"minecraft:interact_with_furnace":7,"minecraft:sprint_one_cm":302635,"minecraft:damage_taken":330,"minecraft:walk_one_cm":425206,"minecraft:mob_kills":11,"minecraft:drop":20,"minecraft:damage_dealt":1079,"minecraft:interact_with_crafting_table":8,"minecraft:fly_one_cm":345025,"minecraft:open_chest":7,"minecraft:crouch_one_cm":3813,"minecraft:play_time":44980,"minecraft:sneak_time":734,"minecraft:walk_under_water_one_cm":911,"minecraft:jump":834,"minecraft:leave_game":1,"minecraft:time_since_death":44980,"minecraft:walk_on_water_one_cm":242,"minecraft:total_world_time":44980,"minecraft:fall_one_cm":15590},"minecraft:crafted":{"minecraft:wooden_sword":1,"minecraft:oak_planks":200,"minecraft:cooked_porkchop":6,"minecraft:crafting_table":2,"minecraft:stick":8,"minecraft:wooden_pickaxe":1,"minecraft:stone_pickaxe":1,"minecraft:wooden_axe":1,"minecraft:furnace":1,"minecraft:cooked_mutton":5,"minecraft:air":0},"minecraft:killed":{"minecraft:sheep":2,"minecraft:skeleton":1,"minecraft:pig":8},"minecraft:picked_up":{"minecraft:crafting_table":2,"minecraft:oak_slab":18,"minecraft:stick":12,"justhammers:iron_hammer":1,"minecraft:porkchop":15,"minecraft:oak_log":69,"minecraft:dirt":19,"minecraft:bone":2,"minecraft:arrow":2,"minecraft:rotten_flesh":6,"minecraft:apple":1,"minecraft:wheat_seeds":5,"minecraft:oak_sapling":18,"minecraft:mutton":4,"minecraft:white_wool":2,"minecraft:cobblestone":28,"minecraft:furnace":1,"minecraft:egg":2},"minecraft:used":{"minecraft:cooked_mutton":5,"minecraft:apple":1,"minecraft:stone_pickaxe":26,"minecraft:wooden_pickaxe":3,"minecraft:wooden_sword":19,"minecraft:dirt":18,"minecraft:mutton":1,"minecraft:crafting_table":3,"minecraft:furnace":1,"minecraft:oak_sapling":18,"minecraft:cooked_porkchop":5,"minecraft:egg":2,"minecraft:wooden_axe":18},"minecraft:broken":{"minecraft:wooden_axe":1},"minecraft:dropped":{"minecraft:iron_ingot":6,"minecraft:wheat_seeds":5,"minecraft:cooked_porkchop":1,"minecraft:cobblestone":16,"minecraft:rotten_flesh":6,"minecraft:arrow":2,"minecraft:wooden_pickaxe":1}},"DataVersion":3465}