{"stats":{"minecraft:mined":{"minecraft:smoker":1,"minecraft:crafting_table":2,"minecraft:torch":3,"minecraft:grass_block":6,"minecraft:tall_grass":22,"minecraft:copper_ore":22,"minecraft:wall_torch":1,"minecraft:diorite":1,"minecraft:furnace":1,"minecraft:iron_ore":18,"minecraft:birch_leaves":1,"minecraft:grass":10,"minecraft:oak_log":7,"minecraft:coal_ore":12,"minecraft:cave_vines":1,"minecraft:dirt":16,"minecraft:raw_copper_block":2,"minecraft:stone":41,"minecraft:oak_leaves":1,"minecraft:fern":1},"minecraft:custom":{"minecraft:interact_with_furnace":10,"minecraft:mob_kills":18,"minecraft:interact_with_crafting_table":14,"minecraft:leave_game":2,"minecraft:time_since_death":3808,"minecraft:climb_one_cm":1993,"minecraft:time_since_rest":3629,"minecraft:sprint_one_cm":672281,"minecraft:damage_taken":1667,"minecraft:walk_one_cm":930511,"minecraft:drop":49,"minecraft:damage_dealt":2055,"minecraft:fly_one_cm":622757,"minecraft:open_chest":12,"tombstone:undead_killed":3,"minecraft:crouch_one_cm":19084,"minecraft:play_time":104671,"minecraft:deaths":3,"minecraft:sneak_time":2650,"minecraft:walk_under_water_one_cm":1149,"minecraft:boat_one_cm":60363,"minecraft:jump":1843,"minecraft:interact_with_blast_furnace":1,"minecraft:walk_on_water_one_cm":2747,"minecraft:interact_with_smoker":12,"minecraft:total_world_time":104671,"minecraft:fall_one_cm":39318},"minecraft:killed":{"minecraft:pig":8,"minecraft:skeleton":3,"minecraft:sheep":4,"minecraft:zombie":1,"minecraft:cow":2},"minecraft:crafted":{"minecraft:wooden_sword":1,"minecraft:oak_slab":24,"minecraft:oak_planks":200,"minecraft:cooked_porkchop":15,"minecraft:crafting_table":2,"minecraft:wooden_pickaxe":1,"minecraft:furnace":1,"minecraft:cooked_mutton":9,"minecraft:air":0,"minecraft:raw_copper":18,"minecraft:stick":12,"minecraft:iron_pickaxe":1,"minecraft:stone_pickaxe":1,"minecraft:wooden_axe":2,"minecraft:torch":48,"minecraft:smoker":1},"minecraft:picked_up":{"minecraft:iron_chestplate":1,"minecraft:crafting_table":3,"minecraft:andesite":11,"minecraft:leather":4,"minecraft:smoker":1,"minecraft:oak_log":93,"minecraft:shield":1,"minecraft:lapis_lazuli":71,"minecraft:dirt":26,"minecraft:raw_copper":268,"minecraft:bone":6,"minecraft:apple":5,"minecraft:bow":1,"minecraft:wheat_seeds":6,"minecraft:cobbled_deepslate":164,"minecraft:raw_gold":2,"minecraft:bucket":1,"minecraft:iron_ingot":3,"minecraft:beef":3,"minecraft:calcite":4,"minecraft:light_gray_wool":1,"minecraft:iron_boots":1,"minecraft:egg":2,"minecraft:raw_copper_block":3,"minecraft:furnace":1,"minecraft:oak_slab":48,"minecraft:stick":13,"minecraft:raw_iron":34,"minecraft:torch":4,"sophisticatedbackpacks:backpack":1,"justhammers:iron_hammer":1,"minecraft:porkchop":15,"minecraft:diorite":1,"minecraft:redstone":17,"minecraft:arrow":2,"minecraft:rotten_flesh":9,"minecraft:iron_helmet":1,"minecraft:granite":8,"minecraft:oak_sapling":22,"minecraft:mutton":7,"minecraft:coal":13,"minecraft:white_wool":3,"minecraft:cobblestone":148},"minecraft:used":{"minecraft:cooked_mutton":9,"minecraft:diorite":1,"minecraft:stone_pickaxe":97,"minecraft:wooden_pickaxe":3,"minecraft:iron_chestplate":1,"minecraft:torch":26,"minecraft:dirt":26,"minecraft:mutton":3,"minecraft:crafting_table":4,"justhammers:iron_hammer":48,"minecraft:smoker":1,"minecraft:wooden_axe":29,"minecraft:apple":1,"minecraft:iron_helmet":1,"minecraft:iron_boots":1,"tombstone:grave_key":2,"minecraft:light_gray_wool":1,"minecraft:wooden_sword":55,"minecraft:raw_copper_block":1,"minecraft:cobblestone":23,"minecraft:furnace":1,"minecraft:oak_sapling":22,"minecraft:cooked_porkchop":13,"tombstone:gift":2,"minecraft:egg":2},"minecraft:broken":{"minecraft:wooden_axe":1},"minecraft:dropped":{"minecraft:iron_ingot":6,"minecraft:wheat_seeds":6,"minecraft:lapis_lazuli":7,"minecraft:cobbled_deepslate":164,"minecraft:cooked_porkchop":1,"minecraft:cobblestone":16,"minecraft:rotten_flesh":9,"minecraft:granite":8,"minecraft:golden_shovel":1,"minecraft:andesite":11,"minecraft:arrow":2,"minecraft:bow":1,"minecraft:stone_pickaxe":1,"minecraft:wooden_pickaxe":1,"minecraft:iron_pickaxe":1,"minecraft:calcite":5},"minecraft:killed_by":{"minecraft:skeleton":2,"alexsmobs:grizzly_bear":1}},"DataVersion":3465}