{"stats":{"minecraft:mined":{"minecraft:oak_log":6,"minecraft:birch_leaves":1},"minecraft:custom":{"minecraft:time_since_rest":4244,"minecraft:open_chest":7,"minecraft:crouch_one_cm":912,"minecraft:play_time":4244,"minecraft:sprint_one_cm":16763,"minecraft:walk_one_cm":40624,"minecraft:sneak_time":183,"minecraft:walk_under_water_one_cm":911,"minecraft:jump":44,"minecraft:time_since_death":4244,"minecraft:walk_on_water_one_cm":242,"minecraft:total_world_time":4244,"minecraft:interact_with_crafting_table":1,"minecraft:fall_one_cm":1225,"minecraft:fly_one_cm":6029},"minecraft:picked_up":{"minecraft:stick":3,"minecraft:oak_log":24,"minecraft:oak_sapling":3},"minecraft:crafted":{"minecraft:oak_planks":20,"minecraft:crafting_table":1,"minecraft:stick":8,"minecraft:wooden_axe":1},"minecraft:used":{"minecraft:wooden_axe":4,"minecraft:crafting_table":1,"minecraft:oak_sapling":3}},"DataVersion":3465}