{"stats":{"minecraft:mined":{"minecraft:smoker":1,"minecraft:crafting_table":2,"minecraft:grass_block":6,"minecraft:tall_grass":21,"minecraft:copper_ore":16,"minecraft:furnace":1,"minecraft:birch_leaves":1,"minecraft:grass":10,"minecraft:coal_ore":12,"minecraft:oak_log":7,"minecraft:dirt":16,"minecraft:stone":37,"minecraft:oak_leaves":1,"minecraft:fern":1},"minecraft:custom":{"minecraft:interact_with_furnace":8,"minecraft:mob_kills":15,"minecraft:interact_with_crafting_table":13,"minecraft:leave_game":1,"minecraft:time_since_death":3762,"minecraft:time_since_rest":3435,"minecraft:sprint_one_cm":571856,"minecraft:damage_taken":1005,"minecraft:walk_one_cm":722612,"minecraft:drop":22,"minecraft:damage_dealt":1439,"minecraft:fly_one_cm":556636,"minecraft:open_chest":11,"minecraft:crouch_one_cm":12497,"minecraft:play_time":80980,"minecraft:deaths":2,"minecraft:sneak_time":1757,"minecraft:walk_under_water_one_cm":911,"minecraft:boat_one_cm":60363,"minecraft:jump":1477,"minecraft:walk_on_water_one_cm":242,"minecraft:total_world_time":80980,"minecraft:interact_with_smoker":12,"minecraft:fall_one_cm":29898},"minecraft:killed":{"minecraft:pig":8,"minecraft:sheep":4,"minecraft:skeleton":1,"minecraft:cow":2},"minecraft:crafted":{"minecraft:wooden_sword":1,"minecraft:oak_slab":24,"minecraft:oak_planks":200,"minecraft:cooked_porkchop":15,"minecraft:crafting_table":2,"minecraft:wooden_pickaxe":1,"minecraft:furnace":1,"minecraft:cooked_mutton":9,"minecraft:air":0,"minecraft:stick":8,"minecraft:stone_pickaxe":1,"minecraft:wooden_axe":2,"minecraft:torch":48,"minecraft:smoker":1},"minecraft:picked_up":{"minecraft:crafting_table":3,"minecraft:leather":4,"minecraft:smoker":1,"minecraft:oak_log":93,"minecraft:dirt":26,"minecraft:raw_copper":133,"minecraft:bone":2,"minecraft:apple":5,"minecraft:wheat_seeds":6,"minecraft:beef":3,"minecraft:light_gray_wool":1,"minecraft:egg":2,"minecraft:furnace":1,"minecraft:oak_slab":48,"minecraft:stick":13,"sophisticatedbackpacks:backpack":1,"justhammers:iron_hammer":1,"minecraft:porkchop":15,"minecraft:arrow":2,"minecraft:rotten_flesh":6,"minecraft:oak_sapling":22,"minecraft:coal":13,"minecraft:mutton":7,"minecraft:cobblestone":87,"minecraft:white_wool":3},"minecraft:used":{"minecraft:cooked_mutton":9,"minecraft:stone_pickaxe":65,"minecraft:wooden_pickaxe":3,"minecraft:dirt":26,"minecraft:mutton":3,"minecraft:crafting_table":4,"justhammers:iron_hammer":7,"minecraft:smoker":1,"minecraft:wooden_axe":29,"minecraft:apple":1,"tombstone:grave_key":1,"minecraft:light_gray_wool":1,"minecraft:wooden_sword":29,"minecraft:cobblestone":7,"minecraft:oak_sapling":22,"minecraft:furnace":1,"minecraft:cooked_porkchop":8,"minecraft:egg":2},"minecraft:broken":{"minecraft:wooden_axe":1},"minecraft:dropped":{"minecraft:iron_ingot":6,"minecraft:wheat_seeds":6,"minecraft:cooked_porkchop":1,"minecraft:cobblestone":16,"minecraft:rotten_flesh":6,"minecraft:arrow":2,"minecraft:wooden_pickaxe":1,"minecraft:calcite":1},"minecraft:killed_by":{"minecraft:skeleton":1,"alexsmobs:grizzly_bear":1}},"DataVersion":3465}