{"stats":{"minecraft:mined":{"minecraft:furnace":1,"minecraft:smoker":1,"minecraft:birch_leaves":1,"minecraft:crafting_table":2,"minecraft:grass":9,"minecraft:grass_block":2,"minecraft:oak_log":7,"minecraft:dirt":13,"minecraft:tall_grass":21,"minecraft:stone":28,"minecraft:oak_leaves":1,"minecraft:fern":1},"minecraft:custom":{"minecraft:time_since_rest":56980,"minecraft:interact_with_furnace":7,"minecraft:sprint_one_cm":400182,"minecraft:damage_taken":340,"minecraft:walk_one_cm":537994,"minecraft:mob_kills":13,"minecraft:drop":20,"minecraft:damage_dealt":1239,"minecraft:interact_with_crafting_table":12,"minecraft:fly_one_cm":413431,"minecraft:open_chest":10,"minecraft:crouch_one_cm":6838,"minecraft:play_time":56980,"minecraft:sneak_time":1158,"minecraft:walk_under_water_one_cm":911,"minecraft:jump":1025,"minecraft:leave_game":1,"minecraft:time_since_death":56980,"minecraft:walk_on_water_one_cm":242,"minecraft:interact_with_smoker":12,"minecraft:total_world_time":56980,"minecraft:fall_one_cm":18994},"minecraft:crafted":{"minecraft:wooden_sword":1,"minecraft:oak_slab":24,"minecraft:oak_planks":200,"minecraft:cooked_porkchop":15,"minecraft:crafting_table":2,"minecraft:stick":8,"minecraft:wooden_pickaxe":1,"minecraft:stone_pickaxe":1,"minecraft:wooden_axe":2,"minecraft:furnace":1,"minecraft:smoker":1,"minecraft:cooked_mutton":9,"minecraft:air":0},"minecraft:killed":{"minecraft:sheep":4,"minecraft:skeleton":1,"minecraft:pig":8},"minecraft:picked_up":{"minecraft:crafting_table":3,"minecraft:oak_slab":48,"minecraft:stick":12,"minecraft:smoker":1,"justhammers:iron_hammer":1,"minecraft:porkchop":15,"minecraft:oak_log":81,"minecraft:dirt":19,"minecraft:bone":2,"minecraft:arrow":2,"minecraft:rotten_flesh":6,"minecraft:apple":1,"minecraft:wheat_seeds":5,"minecraft:light_gray_wool":1,"minecraft:oak_sapling":19,"minecraft:mutton":7,"minecraft:white_wool":3,"minecraft:cobblestone":29,"minecraft:furnace":1,"minecraft:egg":2},"minecraft:used":{"minecraft:cooked_mutton":5,"minecraft:apple":1,"minecraft:stone_pickaxe":28,"minecraft:wooden_pickaxe":3,"minecraft:light_gray_wool":1,"minecraft:wooden_sword":24,"minecraft:dirt":18,"minecraft:mutton":3,"minecraft:crafting_table":4,"minecraft:furnace":1,"minecraft:oak_sapling":19,"minecraft:cooked_porkchop":7,"minecraft:egg":2,"minecraft:smoker":1,"minecraft:wooden_axe":21},"minecraft:broken":{"minecraft:wooden_axe":1},"minecraft:dropped":{"minecraft:iron_ingot":6,"minecraft:wheat_seeds":5,"minecraft:cooked_porkchop":1,"minecraft:cobblestone":16,"minecraft:rotten_flesh":6,"minecraft:arrow":2,"minecraft:wooden_pickaxe":1}},"DataVersion":3465}