{"stats":{"minecraft:dropped":{"minecraft:iron_ingot":6,"minecraft:wheat_seeds":7,"minecraft:lapis_lazuli":7,"minecraft:glow_ink_sac":1,"minecraft:cooked_porkchop":1,"minecraft:cobblestone":16,"minecraft:granite":8,"iceandfire:ectoplasm":3,"minecraft:coal":2,"minecraft:stick":3,"minecraft:diorite":6,"simple_hearts:rotten_heart_piece":1,"minecraft:iron_pickaxe":1,"minecraft:bone":3,"minecraft:kelp":2,"minecraft:cobbled_deepslate":210,"minecraft:tuff":20,"minecraft:rotten_flesh":38,"minecraft:golden_shovel":1,"minecraft:andesite":15,"minecraft:spider_eye":1,"minecraft:arrow":3,"minecraft:bow":1,"minecraft:stone_pickaxe":1,"minecraft:wooden_pickaxe":1,"minecraft:calcite":5},"minecraft:crafted":{"minecraft:wooden_sword":1,"minecraft:oak_planks":200,"minecraft:leather_boots":1,"minecraft:furnace":1,"minecraft:cooked_mutton":9,"minecraft:raw_copper":18,"minecraft:stone_pickaxe":1,"minecraft:smoker":1,"minecraft:cooked_beef":10,"minecraft:oak_slab":24,"minecraft:cooked_porkchop":15,"minecraft:crafting_table":4,"minecraft:wooden_pickaxe":1,"minecraft:air":0,"minecraft:stick":16,"minecraft:iron_ingot":32,"minecraft:iron_pickaxe":2,"minecraft:wooden_axe":2,"minecraft:stone_sword":1,"minecraft:white_bed":1,"minecraft:torch":48},"minecraft:broken":{"minecraft:wooden_sword":1,"minecraft:wooden_axe":2},"minecraft:killed_by":{"minecraft:creeper":1,"alexsmobs:tusklin":1,"iceandfire:sea_serpent":1,"iceandfire:ice_dragon":2,"minecraft:skeleton":5,"minecraft:zombie":1,"alexsmobs:grizzly_bear":1,"iceandfire:fire_dragon":1},"minecraft:used":{"minecraft:stone_sword":17,"iceandfire:silver_sword":57,"minecraft:shield":7,"minecraft:cooked_salmon":12,"minecraft:iron_chestplate":1,"minecraft:torch":53,"minecraft:dirt":28,"minecraft:mutton":3,"minecraft:granite":2,"minecraft:wooden_axe":47,"minecraft:lantern":4,"minecraft:iron_helmet":1,"minecraft:iron_boots":1,"minecraft:light_gray_wool":1,"minecraft:raw_copper_block":1,"minecraft:beef":8,"minecraft:furnace":1,"minecraft:oak_sapling":22,"tombstone:gift":3,"minecraft:egg":2,"minecraft:cooked_beef":1,"minecraft:cobbled_deepslate":5,"minecraft:enchanted_golden_apple":1,"minecraft:iron_leggings":1,"minecraft:cooked_mutton":12,"minecraft:diorite":1,"minecraft:stone_pickaxe":97,"minecraft:wooden_pickaxe":3,"minecraft:leather_boots":1,"minecraft:crafting_table":7,"minecraft:white_bed":1,"minecraft:smoker":2,"justhammers:iron_hammer":53,"minecraft:apple":5,"minecraft:bread":15,"tombstone:tablet_of_assistance":3,"minecraft:iron_pickaxe":1,"tombstone:grave_key":2,"minecraft:wooden_sword":61,"minecraft:cobblestone":66,"minecraft:cooked_porkchop":13,"alexsmobs:animal_dictionary":1},"minecraft:killed":{"minecraft:spider":1,"minecraft:skeleton":5,"minecraft:pig":8,"minecraft:creeper":1,"minecraft:sheep":4,"minecraft:zombie":3,"minecraft:cow":11},"minecraft:custom":{"minecraft:mob_kills":43,"minecraft:interact_with_crafting_table":20,"minecraft:open_barrel":2,"minecraft:leave_game":4,"minecraft:time_since_death":2092,"minecraft:climb_one_cm":1993,"minecraft:damage_resisted":57,"minecraft:sprint_one_cm":1486588,"minecraft:walk_one_cm":1923437,"minecraft:damage_blocked_by_shield":705,"minecraft:drop":99,"minecraft:play_time":230071,"minecraft:deaths":13,"minecraft:sneak_time":3563,"minecraft:walk_under_water_one_cm":8798,"minecraft:boat_one_cm":159147,"minecraft:jump":5183,"minecraft:interact_with_blast_furnace":3,"minecraft:walk_on_water_one_cm":36708,"minecraft:total_world_time":230071,"minecraft:interact_with_furnace":10,"minecraft:sleep_in_bed":2,"minecraft:time_since_rest":1185,"minecraft:damage_taken":5466,"minecraft:damage_absorbed":159,"minecraft:damage_dealt":6209,"minecraft:swim_one_cm":13545,"minecraft:fly_one_cm":1858906,"minecraft:open_chest":22,"minecraft:crouch_one_cm":24770,"tombstone:undead_killed":7,"minecraft:interact_with_smoker":17,"minecraft:fall_one_cm":97585},"minecraft:mined":{"minecraft:grass_block":8,"minecraft:spruce_leaves":3,"minecraft:kelp":4,"minecraft:furnace":1,"minecraft:iron_ore":18,"minecraft:cave_vines":1,"minecraft:stone":41,"minecraft:smoker":2,"minecraft:crafting_table":2,"minecraft:torch":11,"minecraft:tall_grass":22,"minecraft:copper_ore":22,"minecraft:diorite":1,"minecraft:wall_torch":4,"minecraft:ice":9,"minecraft:spruce_log":6,"minecraft:birch_leaves":1,"minecraft:grass":12,"minecraft:oak_log":7,"minecraft:coal_ore":12,"minecraft:dirt":16,"minecraft:raw_copper_block":2,"minecraft:oak_leaves":3,"minecraft:fern":1},"minecraft:picked_up":{"minecraft:crafting_table":3,"minecraft:iron_chestplate":1,"minecraft:shield":1,"minecraft:string":1,"minecraft:raw_copper":268,"minecraft:iron_leggings":1,"minecraft:cobbled_deepslate":261,"minecraft:bucket":1,"minecraft:beef":22,"minecraft:calcite":4,"minecraft:light_gray_wool":1,"minecraft:egg":2,"minecraft:raw_copper_block":3,"minecraft:iron_boots":1,"minecraft:furnace":1,"minecraft:stick":15,"minecraft:raw_iron":41,"minecraft:torch":15,"sophisticatedbackpacks:backpack":1,"minecraft:porkchop":18,"tombstone:grave_dust":1,"minecraft:diorite":7,"minecraft:redstone":17,"minecraft:arrow":4,"simple_hearts:rotten_heart_piece":2,"minecraft:rotten_flesh":38,"minecraft:mutton":7,"minecraft:cobblestone":258,"minecraft:white_wool":3,"minecraft:glow_ink_sac":2,"minecraft:andesite":19,"minecraft:leather":12,"minecraft:smoker":2,"minecraft:tuff":40,"minecraft:oak_log":93,"iceandfire:ectoplasm":3,"minecraft:lapis_lazuli":92,"minecraft:dirt":43,"minecraft:lantern":4,"minecraft:cooked_mutton":4,"minecraft:bone":11,"minecraft:apple":5,"minecraft:kelp":2,"minecraft:bow":1,"minecraft:wheat_seeds":7,"minecraft:raw_gold":3,"minecraft:iron_ingot":3,"minecraft:oak_planks":11,"minecraft:oak_slab":48,"minecraft:cooked_porkchop":3,"justhammers:iron_hammer":1,"minecraft:spruce_log":6,"minecraft:spider_eye":1,"tacz:modern_kinetic_gun":1,"waystones:waystone":2,"minecraft:iron_helmet":1,"minecraft:granite":10,"minecraft:bread":10,"minecraft:oak_sapling":22,"minecraft:coal":13}},"DataVersion":3465}