{"stats":{"minecraft:mined":{"minecraft:birch_leaves":1,"minecraft:grass":1,"minecraft:grass_block":1,"minecraft:oak_log":6,"minecraft:dirt":12,"minecraft:tall_grass":1,"minecraft:stone":27},"minecraft:custom":{"minecraft:time_since_rest":16244,"minecraft:interact_with_furnace":4,"minecraft:sprint_one_cm":76272,"minecraft:damage_taken":180,"minecraft:walk_one_cm":114262,"minecraft:mob_kills":5,"minecraft:drop":1,"minecraft:damage_dealt":519,"minecraft:interact_with_crafting_table":6,"minecraft:fly_one_cm":97944,"minecraft:open_chest":7,"minecraft:crouch_one_cm":1373,"minecraft:play_time":16244,"minecraft:sneak_time":359,"minecraft:walk_under_water_one_cm":911,"minecraft:jump":247,"minecraft:walk_on_water_one_cm":242,"minecraft:time_since_death":16244,"minecraft:total_world_time":16244,"minecraft:fall_one_cm":3317},"minecraft:picked_up":{"minecraft:stick":7,"minecraft:porkchop":6,"minecraft:oak_log":35,"minecraft:dirt":13,"minecraft:arrow":2,"minecraft:bone":2,"minecraft:oak_sapling":5,"minecraft:cobblestone":27,"minecraft:egg":1},"minecraft:crafted":{"minecraft:oak_planks":64,"minecraft:cooked_porkchop":6,"minecraft:crafting_table":2,"minecraft:stick":8,"minecraft:wooden_pickaxe":1,"minecraft:stone_pickaxe":1,"minecraft:wooden_axe":1,"minecraft:furnace":1,"minecraft:air":0},"minecraft:killed":{"minecraft:skeleton":1,"minecraft:pig":4},"minecraft:dropped":{"minecraft:wooden_pickaxe":1},"minecraft:used":{"minecraft:wooden_axe":18,"minecraft:stone_pickaxe":24,"minecraft:wooden_pickaxe":3,"minecraft:dirt":6,"minecraft:crafting_table":2,"minecraft:oak_sapling":5,"minecraft:furnace":1,"minecraft:cooked_porkchop":2,"minecraft:egg":1}},"DataVersion":3465}