{"stats":{"minecraft:dropped":{"minecraft:iron_ingot":6,"minecraft:wheat_seeds":7,"minecraft:lapis_lazuli":7,"minecraft:glow_ink_sac":1,"minecraft:cooked_porkchop":1,"minecraft:cobblestone":16,"minecraft:granite":8,"iceandfire:ectoplasm":3,"minecraft:coal":7,"minecraft:stick":3,"minecraft:diorite":6,"simple_hearts:rotten_heart_piece":2,"minecraft:iron_pickaxe":1,"minecraft:bone":3,"minecraft:kelp":2,"alexsmobs:animal_dictionary":1,"minecraft:cobbled_deepslate":210,"minecraft:tuff":20,"minecraft:rotten_flesh":41,"minecraft:golden_shovel":1,"minecraft:big_dripleaf":1,"minecraft:andesite":15,"minecraft:spider_eye":1,"minecraft:arrow":11,"minecraft:bow":1,"minecraft:stone_pickaxe":1,"minecraft:wooden_pickaxe":1,"minecraft:calcite":5},"minecraft:crafted":{"minecraft:wooden_sword":1,"minecraft:oak_planks":200,"minecraft:leather_boots":1,"minecraft:furnace":1,"minecraft:cooked_mutton":9,"minecraft:raw_copper":18,"minecraft:stone_pickaxe":1,"minecraft:chest":2,"minecraft:smoker":1,"minecraft:cooked_beef":14,"minecraft:oak_slab":24,"minecraft:cooked_porkchop":15,"minecraft:crafting_table":4,"minecraft:wooden_pickaxe":1,"minecraft:air":0,"minecraft:stick":16,"minecraft:iron_ingot":32,"minecraft:iron_pickaxe":2,"minecraft:wooden_axe":2,"minecraft:stone_sword":1,"minecraft:white_bed":1,"minecraft:torch":56},"minecraft:broken":{"minecraft:leather_boots":1,"minecraft:wooden_sword":1,"minecraft:iron_helmet":1,"minecraft:wooden_axe":2},"minecraft:killed_by":{"minecraft:creeper":2,"alexsmobs:tusklin":1,"iceandfire:sea_serpent":1,"iceandfire:ice_dragon":2,"minecraft:skeleton":5,"minecraft:zombie":1,"alexsmobs:grizzly_bear":1,"iceandfire:fire_dragon":2},"minecraft:used":{"create:limestone":7,"minecraft:stone_sword":17,"iceandfire:silver_sword":146,"minecraft:chest":2,"minecraft:shield":17,"minecraft:rotten_flesh":4,"minecraft:cooked_salmon":12,"minecraft:iron_chestplate":1,"minecraft:torch":83,"minecraft:dirt":28,"minecraft:mutton":3,"minecraft:granite":3,"minecraft:big_dripleaf":1,"minecraft:wooden_axe":47,"minecraft:lantern":4,"minecraft:iron_helmet":1,"minecraft:iron_boots":1,"minecraft:light_gray_wool":1,"minecraft:raw_copper_block":1,"minecraft:beef":8,"minecraft:furnace":1,"minecraft:oak_sapling":22,"tombstone:gift":5,"minecraft:egg":2,"minecraft:cooked_beef":14,"minecraft:cobbled_deepslate":66,"minecraft:enchanted_golden_apple":1,"minecraft:iron_leggings":1,"minecraft:cooked_mutton":12,"minecraft:water_bucket":21,"epicfight:skillbook":1,"minecraft:diorite":4,"minecraft:stone_pickaxe":97,"minecraft:wooden_pickaxe":3,"minecraft:leather_boots":1,"minecraft:deepslate_bricks":6,"minecraft:crafting_table":7,"minecraft:white_bed":1,"minecraft:smoker":3,"justhammers:iron_hammer":91,"minecraft:apple":5,"minecraft:bread":15,"tombstone:tablet_of_assistance":3,"minecraft:iron_pickaxe":132,"tombstone:grave_key":2,"minecraft:wooden_sword":61,"minecraft:cobblestone":175,"minecraft:cooked_porkchop":14,"minecraft:bucket":22,"minecraft:andesite":3,"alexsmobs:animal_dictionary":1},"minecraft:killed":{"minecraft:spider":3,"minecraft:skeleton":9,"minecraft:pig":8,"minecraft:creeper":6,"minecraft:sheep":4,"minecraft:zombie":4,"minecraft:cow":11},"minecraft:custom":{"minecraft:mob_kills":63,"minecraft:interact_with_crafting_table":22,"minecraft:open_barrel":2,"minecraft:leave_game":4,"minecraft:time_since_death":42480,"minecraft:climb_one_cm":3014,"minecraft:damage_resisted":57,"minecraft:sprint_one_cm":1864686,"minecraft:walk_one_cm":2658903,"minecraft:damage_blocked_by_shield":1335,"minecraft:drop":118,"minecraft:damage_dealt_absorbed":20,"minecraft:play_time":308071,"minecraft:deaths":15,"minecraft:sneak_time":6376,"minecraft:walk_under_water_one_cm":15204,"minecraft:boat_one_cm":159147,"minecraft:jump":6724,"minecraft:interact_with_blast_furnace":3,"minecraft:walk_on_water_one_cm":69639,"minecraft:total_world_time":308071,"minecraft:interact_with_furnace":10,"minecraft:sleep_in_bed":2,"minecraft:time_since_rest":41819,"minecraft:damage_taken":6904,"minecraft:damage_absorbed":159,"minecraft:damage_dealt":10698,"minecraft:swim_one_cm":21079,"minecraft:fly_one_cm":2406961,"minecraft:open_chest":27,"minecraft:crouch_one_cm":45482,"tombstone:undead_killed":12,"minecraft:interact_with_smoker":20,"minecraft:fall_one_cm":124176},"minecraft:mined":{"minecraft:tuff":7,"minecraft:deepslate_diamond_ore":7,"minecraft:granite":1,"minecraft:grass_block":8,"minecraft:deepslate_bricks":6,"minecraft:spruce_leaves":3,"minecraft:kelp":4,"minecraft:furnace":1,"minecraft:iron_ore":43,"minecraft:andesite":3,"minecraft:vine":1,"minecraft:deepslate_iron_ore":30,"minecraft:cave_vines":2,"minecraft:stone":49,"minecraft:deepslate_redstone_ore":4,"minecraft:smoker":2,"minecraft:clay":8,"minecraft:crafting_table":2,"minecraft:torch":16,"minecraft:tall_grass":23,"minecraft:copper_ore":22,"minecraft:cobblestone":9,"minecraft:diorite":5,"minecraft:wall_torch":6,"minecraft:ice":9,"minecraft:spruce_log":6,"minecraft:birch_leaves":1,"minecraft:grass":13,"minecraft:oak_log":7,"minecraft:coal_ore":25,"minecraft:dirt":16,"minecraft:raw_copper_block":2,"minecraft:oak_leaves":3,"minecraft:deepslate":9,"minecraft:fern":1},"minecraft:picked_up":{"minecraft:crafting_table":3,"minecraft:iron_chestplate":1,"minecraft:clay_ball":32,"minecraft:shield":1,"minecraft:moss_carpet":1,"minecraft:string":2,"minecraft:raw_copper":270,"create:limestone":7,"minecraft:iron_leggings":1,"minecraft:cobbled_deepslate":577,"minecraft:bucket":1,"minecraft:beef":22,"minecraft:calcite":4,"minecraft:light_gray_wool":1,"minecraft:egg":2,"minecraft:raw_copper_block":3,"minecraft:iron_boots":1,"minecraft:furnace":1,"minecraft:stick":15,"minecraft:raw_iron":94,"minecraft:big_dripleaf":2,"minecraft:torch":26,"sophisticatedbackpacks:backpack":1,"epicfight:skillbook":1,"minecraft:porkchop":18,"tombstone:grave_dust":1,"minecraft:diorite":54,"minecraft:redstone":36,"minecraft:arrow":14,"simple_hearts:rotten_heart_piece":3,"minecraft:rotten_flesh":47,"minecraft:deepslate_bricks":6,"minecraft:mutton":7,"minecraft:cobblestone":343,"minecraft:white_wool":3,"minecraft:glow_ink_sac":2,"minecraft:andesite":22,"minecraft:leather":12,"minecraft:smoker":2,"minecraft:tuff":135,"create:raw_zinc":5,"minecraft:oak_log":93,"iceandfire:ectoplasm":3,"minecraft:gunpowder":6,"minecraft:lapis_lazuli":92,"minecraft:dirt":43,"minecraft:lantern":4,"minecraft:cooked_mutton":4,"minecraft:bone":16,"minecraft:apple":5,"minecraft:kelp":2,"minecraft:bow":1,"minecraft:wheat_seeds":7,"minecraft:raw_gold":8,"minecraft:iron_ingot":3,"minecraft:moss_block":1,"minecraft:oak_planks":11,"minecraft:oak_slab":48,"minecraft:cooked_porkchop":3,"justhammers:iron_hammer":1,"minecraft:spruce_log":6,"minecraft:spider_eye":1,"minecraft:diamond":7,"tacz:modern_kinetic_gun":1,"waystones:waystone":2,"minecraft:iron_helmet":1,"minecraft:granite":11,"minecraft:bread":10,"minecraft:oak_sapling":22,"minecraft:coal":31}},"DataVersion":3465}