{"stats":{"minecraft:mined":{"minecraft:birch_leaves":1,"minecraft:grass":8,"minecraft:grass_block":2,"minecraft:oak_log":6,"minecraft:dirt":12,"minecraft:tall_grass":21,"minecraft:stone":27},"minecraft:custom":{"minecraft:time_since_rest":28244,"minecraft:interact_with_furnace":5,"minecraft:sprint_one_cm":131618,"minecraft:damage_taken":180,"minecraft:walk_one_cm":202368,"minecraft:mob_kills":5,"minecraft:drop":8,"minecraft:damage_dealt":519,"minecraft:interact_with_crafting_table":7,"minecraft:fly_one_cm":175955,"minecraft:open_chest":7,"minecraft:crouch_one_cm":2643,"minecraft:play_time":28244,"minecraft:sneak_time":601,"minecraft:walk_under_water_one_cm":911,"minecraft:jump":421,"minecraft:walk_on_water_one_cm":242,"minecraft:time_since_death":28244,"minecraft:total_world_time":28244,"minecraft:fall_one_cm":7613},"minecraft:picked_up":{"minecraft:stick":10,"minecraft:porkchop":6,"minecraft:oak_log":67,"minecraft:dirt":17,"minecraft:arrow":2,"minecraft:bone":2,"minecraft:apple":1,"minecraft:wheat_seeds":5,"minecraft:oak_sapling":18,"minecraft:cobblestone":27,"minecraft:egg":1},"minecraft:crafted":{"minecraft:oak_planks":192,"minecraft:cooked_porkchop":6,"minecraft:crafting_table":2,"minecraft:stick":8,"minecraft:wooden_pickaxe":1,"minecraft:stone_pickaxe":1,"minecraft:wooden_axe":1,"minecraft:furnace":1,"minecraft:air":0},"minecraft:killed":{"minecraft:skeleton":1,"minecraft:pig":4},"minecraft:broken":{"minecraft:wooden_axe":1},"minecraft:dropped":{"minecraft:wheat_seeds":5,"minecraft:arrow":2,"minecraft:wooden_pickaxe":1},"minecraft:used":{"minecraft:wooden_axe":18,"minecraft:stone_pickaxe":24,"minecraft:wooden_pickaxe":3,"minecraft:dirt":9,"minecraft:crafting_table":2,"minecraft:oak_sapling":18,"minecraft:furnace":1,"minecraft:cooked_porkchop":5,"minecraft:egg":1}},"DataVersion":3465}