{"stats":{"minecraft:mined":{"minecraft:smoker":1,"minecraft:crafting_table":2,"minecraft:torch":11,"minecraft:grass_block":6,"minecraft:copper_ore":22,"minecraft:tall_grass":22,"minecraft:spruce_leaves":2,"minecraft:kelp":4,"minecraft:diorite":1,"minecraft:wall_torch":4,"minecraft:furnace":1,"minecraft:iron_ore":18,"minecraft:birch_leaves":1,"minecraft:grass":12,"minecraft:coal_ore":12,"minecraft:oak_log":7,"minecraft:cave_vines":1,"minecraft:dirt":16,"minecraft:raw_copper_block":2,"minecraft:stone":41,"minecraft:oak_leaves":3,"minecraft:fern":1},"minecraft:custom":{"minecraft:interact_with_furnace":10,"minecraft:mob_kills":26,"minecraft:interact_with_crafting_table":16,"minecraft:leave_game":3,"minecraft:time_since_death":637,"minecraft:climb_one_cm":1993,"minecraft:time_since_rest":63,"minecraft:sprint_one_cm":1238262,"minecraft:damage_taken":4284,"minecraft:walk_one_cm":1457908,"minecraft:damage_blocked_by_shield":705,"minecraft:drop":67,"minecraft:damage_dealt":3251,"minecraft:swim_one_cm":9866,"minecraft:fly_one_cm":1296052,"minecraft:open_chest":17,"minecraft:play_time":175805,"minecraft:crouch_one_cm":23132,"tombstone:undead_killed":5,"minecraft:deaths":10,"minecraft:sneak_time":3376,"minecraft:walk_under_water_one_cm":7763,"minecraft:boat_one_cm":131785,"minecraft:jump":3747,"minecraft:interact_with_blast_furnace":1,"minecraft:walk_on_water_one_cm":32300,"minecraft:total_world_time":175805,"minecraft:interact_with_smoker":12,"minecraft:fall_one_cm":70195},"minecraft:killed":{"minecraft:pig":8,"minecraft:spider":1,"minecraft:sheep":4,"minecraft:skeleton":5,"minecraft:zombie":1,"minecraft:cow":6},"minecraft:crafted":{"minecraft:wooden_sword":1,"minecraft:oak_slab":24,"minecraft:oak_planks":200,"minecraft:cooked_porkchop":15,"minecraft:leather_boots":1,"minecraft:crafting_table":3,"minecraft:wooden_pickaxe":1,"minecraft:furnace":1,"minecraft:cooked_mutton":9,"minecraft:air":0,"minecraft:raw_copper":18,"minecraft:stick":12,"minecraft:iron_pickaxe":1,"minecraft:stone_pickaxe":1,"minecraft:wooden_axe":2,"minecraft:stone_sword":1,"minecraft:torch":48,"minecraft:smoker":1},"minecraft:picked_up":{"minecraft:crafting_table":3,"minecraft:iron_chestplate":1,"minecraft:glow_ink_sac":1,"minecraft:andesite":15,"minecraft:leather":6,"minecraft:smoker":1,"minecraft:tuff":20,"minecraft:oak_log":93,"minecraft:shield":1,"minecraft:lapis_lazuli":92,"minecraft:string":1,"minecraft:dirt":26,"minecraft:raw_copper":268,"minecraft:iron_leggings":1,"minecraft:cooked_mutton":4,"minecraft:bone":11,"minecraft:apple":5,"minecraft:kelp":2,"minecraft:bow":1,"minecraft:wheat_seeds":6,"minecraft:cobbled_deepslate":215,"minecraft:raw_gold":3,"minecraft:bucket":1,"minecraft:iron_ingot":3,"minecraft:beef":12,"minecraft:calcite":4,"minecraft:light_gray_wool":1,"minecraft:furnace":1,"minecraft:raw_copper_block":3,"minecraft:iron_boots":1,"minecraft:egg":2,"minecraft:oak_slab":48,"minecraft:stick":14,"minecraft:raw_iron":41,"minecraft:torch":15,"sophisticatedbackpacks:backpack":1,"justhammers:iron_hammer":1,"minecraft:porkchop":15,"minecraft:diorite":7,"minecraft:redstone":17,"minecraft:spider_eye":1,"minecraft:arrow":4,"minecraft:rotten_flesh":16,"minecraft:iron_helmet":1,"minecraft:granite":10,"minecraft:bread":10,"minecraft:oak_sapling":22,"minecraft:mutton":7,"minecraft:coal":13,"minecraft:white_wool":3,"minecraft:cobblestone":250},"minecraft:used":{"minecraft:cooked_mutton":12,"minecraft:stone_sword":17,"minecraft:diorite":1,"minecraft:stone_pickaxe":97,"minecraft:wooden_pickaxe":3,"minecraft:shield":7,"minecraft:leather_boots":1,"minecraft:cooked_salmon":12,"minecraft:iron_chestplate":1,"minecraft:torch":47,"minecraft:mutton":3,"minecraft:dirt":26,"minecraft:crafting_table":6,"minecraft:granite":2,"justhammers:iron_hammer":50,"minecraft:smoker":1,"minecraft:wooden_axe":47,"minecraft:apple":1,"tombstone:tablet_of_assistance":3,"minecraft:bread":6,"minecraft:iron_helmet":1,"minecraft:iron_boots":1,"tombstone:grave_key":2,"minecraft:light_gray_wool":1,"minecraft:wooden_sword":61,"minecraft:raw_copper_block":1,"minecraft:cobblestone":66,"minecraft:beef":8,"minecraft:oak_sapling":22,"minecraft:furnace":1,"minecraft:cooked_porkchop":13,"alexsmobs:animal_dictionary":1,"tombstone:gift":2,"minecraft:egg":2,"minecraft:cobbled_deepslate":5,"minecraft:iron_leggings":1},"minecraft:broken":{"minecraft:wooden_sword":1,"minecraft:wooden_axe":2},"minecraft:dropped":{"minecraft:iron_ingot":6,"minecraft:kelp":2,"minecraft:wheat_seeds":6,"minecraft:lapis_lazuli":7,"minecraft:cobbled_deepslate":164,"minecraft:cooked_porkchop":1,"minecraft:cobblestone":16,"minecraft:rotten_flesh":16,"minecraft:granite":8,"minecraft:golden_shovel":1,"minecraft:stick":1,"minecraft:diorite":6,"minecraft:andesite":11,"minecraft:spider_eye":1,"minecraft:arrow":3,"minecraft:bow":1,"minecraft:stone_pickaxe":1,"minecraft:wooden_pickaxe":1,"minecraft:iron_pickaxe":1,"minecraft:calcite":5},"minecraft:killed_by":{"iceandfire:ice_dragon":2,"minecraft:skeleton":5,"minecraft:creeper":1,"minecraft:zombie":1,"alexsmobs:grizzly_bear":1}},"DataVersion":3465}