{"stats":{"minecraft:mined":{"minecraft:furnace":1,"minecraft:smoker":1,"minecraft:birch_leaves":1,"minecraft:crafting_table":2,"minecraft:grass":10,"minecraft:grass_block":6,"minecraft:oak_log":7,"minecraft:dirt":16,"minecraft:copper_ore":8,"minecraft:tall_grass":21,"minecraft:stone":30,"minecraft:oak_leaves":1,"minecraft:fern":1},"minecraft:custom":{"minecraft:time_since_rest":68980,"minecraft:interact_with_furnace":8,"minecraft:sprint_one_cm":447279,"minecraft:damage_taken":420,"minecraft:walk_one_cm":634547,"minecraft:mob_kills":13,"minecraft:drop":21,"minecraft:damage_dealt":1239,"minecraft:interact_with_crafting_table":13,"minecraft:fly_one_cm":478644,"minecraft:open_chest":10,"minecraft:crouch_one_cm":7416,"minecraft:play_time":68980,"minecraft:sneak_time":1260,"minecraft:walk_under_water_one_cm":911,"minecraft:boat_one_cm":60363,"minecraft:jump":1273,"minecraft:leave_game":1,"minecraft:time_since_death":68980,"minecraft:walk_on_water_one_cm":242,"minecraft:interact_with_smoker":12,"minecraft:total_world_time":68980,"minecraft:fall_one_cm":25439},"minecraft:crafted":{"minecraft:wooden_sword":1,"minecraft:oak_slab":24,"minecraft:oak_planks":200,"minecraft:cooked_porkchop":15,"minecraft:crafting_table":2,"minecraft:stick":8,"minecraft:wooden_pickaxe":1,"minecraft:stone_pickaxe":1,"minecraft:wooden_axe":2,"minecraft:furnace":1,"minecraft:smoker":1,"minecraft:cooked_mutton":9,"minecraft:air":0},"minecraft:killed":{"minecraft:sheep":4,"minecraft:skeleton":1,"minecraft:pig":8},"minecraft:picked_up":{"minecraft:crafting_table":3,"minecraft:oak_slab":48,"minecraft:stick":13,"minecraft:smoker":1,"justhammers:iron_hammer":1,"minecraft:porkchop":15,"minecraft:oak_log":93,"minecraft:dirt":26,"minecraft:raw_copper":31,"minecraft:bone":2,"minecraft:arrow":2,"minecraft:rotten_flesh":6,"minecraft:apple":5,"minecraft:wheat_seeds":6,"minecraft:light_gray_wool":1,"minecraft:oak_sapling":22,"minecraft:mutton":7,"minecraft:white_wool":3,"minecraft:cobblestone":31,"minecraft:furnace":1,"minecraft:egg":2},"minecraft:used":{"minecraft:cooked_mutton":5,"minecraft:apple":1,"minecraft:stone_pickaxe":38,"minecraft:wooden_pickaxe":3,"minecraft:light_gray_wool":1,"minecraft:wooden_sword":24,"minecraft:dirt":26,"minecraft:mutton":3,"minecraft:crafting_table":4,"minecraft:furnace":1,"minecraft:oak_sapling":22,"minecraft:cooked_porkchop":8,"minecraft:egg":2,"minecraft:smoker":1,"minecraft:wooden_axe":29},"minecraft:broken":{"minecraft:wooden_axe":1},"minecraft:dropped":{"minecraft:iron_ingot":6,"minecraft:wheat_seeds":6,"minecraft:cooked_porkchop":1,"minecraft:cobblestone":16,"minecraft:rotten_flesh":6,"minecraft:arrow":2,"minecraft:wooden_pickaxe":1}},"DataVersion":3465}