{"stats":{"minecraft:mined":{"minecraft:white_bed":4,"minecraft:smoker":1,"minecraft:crafting_table":5,"minecraft:torch":1,"minecraft:grass_block":5,"minecraft:sugar_cane":2,"minecraft:furnace":1,"minecraft:birch_leaves":1,"minecraft:grass":7,"minecraft:oak_log":5,"minecraft:dirt":14,"minecraft:stone":2,"minecraft:oak_leaves":5},"minecraft:custom":{"minecraft:interact_with_furnace":12,"minecraft:mob_kills":28,"minecraft:interact_with_crafting_table":15,"minecraft:leave_game":2,"minecraft:time_since_death":19555,"minecraft:sleep_in_bed":3,"minecraft:time_since_rest":9595,"minecraft:sprint_one_cm":283803,"minecraft:damage_taken":670,"minecraft:walk_one_cm":238665,"minecraft:drop":17,"minecraft:damage_dealt":3296,"minecraft:swim_one_cm":15227,"minecraft:fly_one_cm":393668,"minecraft:crouch_one_cm":9710,"minecraft:play_time":45207,"tombstone:undead_killed":3,"minecraft:deaths":1,"minecraft:sneak_time":1435,"minecraft:walk_under_water_one_cm":394,"minecraft:boat_one_cm":73122,"minecraft:jump":1191,"minecraft:walk_on_water_one_cm":1837,"minecraft:total_world_time":45207,"minecraft:interact_with_smoker":10,"minecraft:fall_one_cm":25182},"minecraft:killed":{"minecraft:pig":8,"minecraft:sheep":7,"minecraft:skeleton":2,"minecraft:zombie":2,"minecraft:chicken":4,"minecraft:cow":5},"minecraft:picked_up":{"minecraft:charcoal":15,"minecraft:crafting_table":4,"minecraft:feather":4,"minecraft:chicken":4,"minecraft:andesite":63,"minecraft:leather":6,"minecraft:smoker":1,"minecraft:oak_log":59,"minecraft:dirt":15,"minecraft:raw_copper":159,"minecraft:apple":2,"minecraft:wheat_seeds":2,"minecraft:iron_ingot":6,"minecraft:beef":6,"minecraft:cooked_chicken":4,"minecraft:sugar_cane":2,"minecraft:furnace":1,"minecraft:egg":2,"minecraft:raw_iron":13,"minecraft:stick":13,"minecraft:cooked_porkchop":1,"minecraft:torch":1,"minecraft:porkchop":13,"minecraft:diorite":4,"minecraft:white_bed":4,"minecraft:arrow":6,"minecraft:rotten_flesh":6,"minecraft:granite":94,"minecraft:oak_sapling":26,"minecraft:mutton":10,"minecraft:coal":123,"minecraft:cobblestone":326,"minecraft:white_wool":7},"minecraft:crafted":{"minecraft:cooked_beef":6,"minecraft:oak_slab":54,"minecraft:oak_planks":80,"minecraft:cooked_porkchop":9,"minecraft:crafting_table":1,"minecraft:furnace":2,"minecraft:stone_axe":1,"minecraft:cooked_mutton":5,"minecraft:air":0,"minecraft:oak_boat":1,"justhammers:iron_hammer":2,"minecraft:charcoal":18,"minecraft:stick":12,"minecraft:iron_ingot":13,"minecraft:stone_sword":1,"minecraft:white_bed":1,"minecraft:torch":64,"minecraft:smoker":1},"minecraft:used":{"minecraft:cooked_mutton":4,"minecraft:stone_sword":80,"minecraft:torch":3,"minecraft:dirt":10,"minecraft:crafting_table":4,"minecraft:white_bed":4,"minecraft:smoker":1,"justhammers:iron_hammer":86,"minecraft:stone_axe":12,"minecraft:cobblestone":35,"minecraft:furnace":1,"minecraft:oak_sapling":2,"minecraft:cooked_porkchop":5,"minecraft:oak_boat":1,"minecraft:egg":2,"minecraft:cooked_beef":1},"minecraft:dropped":{"minecraft:wheat_seeds":2,"minecraft:cobblestone":14,"minecraft:rotten_flesh":6,"minecraft:apple":2,"minecraft:granite":94,"justhammers:iron_hammer":1,"minecraft:coal":27,"minecraft:dirt":5,"minecraft:diorite":4,"minecraft:andesite":63,"minecraft:oak_sapling":24,"minecraft:arrow":6},"minecraft:killed_by":{"alexsmobs:grizzly_bear":1}},"DataVersion":3465}