{"stats":{"minecraft:mined":{"minecraft:white_bed":4,"minecraft:smoker":1,"minecraft:crafting_table":9,"minecraft:torch":1,"minecraft:blast_furnace":1,"minecraft:grass_block":5,"minecraft:sugar_cane":2,"minecraft:furnace":4,"minecraft:birch_leaves":1,"minecraft:grass":8,"minecraft:oak_log":5,"minecraft:dirt":14,"minecraft:cobweb":5,"minecraft:stone":5,"minecraft:oak_leaves":5},"minecraft:custom":{"minecraft:interact_with_furnace":42,"minecraft:mob_kills":52,"minecraft:interact_with_crafting_table":34,"minecraft:leave_game":3,"minecraft:time_since_death":53473,"minecraft:sleep_in_bed":3,"minecraft:climb_one_cm":191,"minecraft:time_since_rest":43513,"minecraft:sprint_one_cm":489252,"minecraft:damage_taken":1365,"minecraft:walk_one_cm":417545,"minecraft:damage_blocked_by_shield":630,"minecraft:drop":43,"minecraft:damage_dealt":6739,"minecraft:swim_one_cm":15227,"minecraft:fly_one_cm":549590,"minecraft:open_chest":3,"minecraft:crouch_one_cm":22527,"minecraft:play_time":79125,"tombstone:undead_killed":13,"minecraft:deaths":1,"minecraft:sneak_time":3766,"minecraft:walk_under_water_one_cm":953,"minecraft:boat_one_cm":73122,"minecraft:jump":1954,"minecraft:interact_with_blast_furnace":8,"minecraft:walk_on_water_one_cm":8136,"minecraft:total_world_time":79125,"minecraft:interact_with_smoker":10,"minecraft:fall_one_cm":42708},"minecraft:killed":{"minecraft:pig":10,"minecraft:spider":2,"minecraft:creeper":1,"minecraft:skeleton":2,"minecraft:sheep":11,"minecraft:zombie":12,"minecraft:chicken":4,"minecraft:cow":9},"minecraft:picked_up":{"minecraft:charcoal":15,"minecraft:crafting_table":8,"minecraft:feather":4,"minecraft:chicken":4,"minecraft:andesite":63,"minecraft:brown_wool":1,"minecraft:leather":9,"minecraft:smoker":1,"minecraft:golden_shovel":1,"minecraft:tuff":1,"minecraft:oak_log":59,"simple_hearts:rotten_heart":1,"minecraft:lapis_lazuli":42,"minecraft:dirt":15,"minecraft:string":8,"minecraft:raw_copper":176,"minecraft:apple":2,"minecraft:wheat_seeds":3,"minecraft:cobbled_deepslate":54,"minecraft:raw_gold":1,"minecraft:bucket":2,"minecraft:iron_ingot":7,"minecraft:beef":13,"minecraft:cooked_chicken":4,"minecraft:calcite":8,"minecraft:iron_pickaxe":1,"minecraft:light_gray_wool":1,"minecraft:sugar_cane":2,"minecraft:furnace":4,"minecraft:egg":2,"minecraft:stick":13,"minecraft:raw_iron":49,"minecraft:cooked_porkchop":1,"minecraft:torch":3,"epicfight:skillbook":1,"minecraft:porkchop":15,"tombstone:grave_dust":3,"minecraft:redstone":18,"minecraft:blast_furnace":1,"minecraft:diorite":4,"minecraft:white_bed":4,"minecraft:arrow":8,"minecraft:rotten_flesh":19,"minecraft:diamond":5,"minecraft:tropical_fish":2,"minecraft:iron_helmet":1,"minecraft:granite":96,"minecraft:oak_sapling":26,"minecraft:mutton":14,"minecraft:coal":285,"minecraft:white_wool":7,"minecraft:cobblestone":386},"minecraft:crafted":{"minecraft:cooked_beef":6,"minecraft:smooth_stone":3,"minecraft:oak_slab":54,"minecraft:oak_planks":80,"sophisticatedbackpacks:backpack":2,"minecraft:cooked_porkchop":9,"minecraft:crafting_table":1,"minecraft:iron_helmet":2,"minecraft:iron_sword":1,"minecraft:furnace":3,"minecraft:blast_furnace":1,"minecraft:stone":3,"minecraft:bucket":2,"minecraft:stone_axe":1,"minecraft:cooked_mutton":5,"minecraft:air":0,"minecraft:oak_boat":1,"justhammers:iron_hammer":3,"minecraft:iron_boots":2,"minecraft:iron_chestplate":2,"minecraft:charcoal":18,"minecraft:shield":2,"minecraft:stick":20,"minecraft:iron_ingot":60,"minecraft:stone_sword":1,"minecraft:chest":2,"minecraft:iron_leggings":1,"minecraft:white_bed":1,"minecraft:torch":64,"minecraft:smoker":1},"minecraft:used":{"minecraft:cooked_mutton":4,"epicfight:skillbook":2,"minecraft:water_bucket":5,"minecraft:stone_sword":128,"minecraft:shield":14,"minecraft:iron_sword":24,"minecraft:cooked_chicken":2,"minecraft:torch":41,"minecraft:dirt":10,"minecraft:crafting_table":9,"minecraft:blast_furnace":2,"minecraft:white_bed":4,"justhammers:iron_hammer":127,"minecraft:smoker":1,"minecraft:iron_boots":1,"minecraft:stone_axe":18,"minecraft:cobblestone":55,"minecraft:furnace":4,"minecraft:oak_sapling":2,"minecraft:cooked_porkchop":9,"minecraft:bucket":5,"tombstone:gift":1,"minecraft:oak_boat":1,"minecraft:egg":2,"minecraft:cooked_beef":6},"minecraft:broken":{"minecraft:stone_sword":1,"justhammers:iron_hammer":1},"minecraft:dropped":{"minecraft:iron_ingot":3,"minecraft:wheat_seeds":3,"minecraft:cobbled_deepslate":50,"alexsmobs:animal_dictionary":1,"minecraft:iron_helmet":2,"minecraft:cobblestone":34,"minecraft:rotten_flesh":14,"minecraft:light_gray_wool":1,"minecraft:iron_boots":1,"minecraft:apple":2,"sophisticatedbackpacks:backpack":1,"minecraft:granite":96,"justhammers:iron_hammer":1,"minecraft:tropical_fish":2,"minecraft:coal":27,"minecraft:dirt":5,"minecraft:shield":1,"minecraft:diorite":4,"minecraft:torch":5,"minecraft:iron_chestplate":1,"minecraft:andesite":63,"minecraft:brown_wool":1,"minecraft:oak_sapling":24,"minecraft:arrow":8,"minecraft:calcite":8,"minecraft:bucket":3},"minecraft:killed_by":{"alexsmobs:grizzly_bear":1}},"DataVersion":3465}