{"stats":{"minecraft:custom":{"minecraft:mob_kills":64,"minecraft:interact_with_crafting_table":35,"minecraft:leave_game":3,"minecraft:time_since_death":77473,"minecraft:climb_one_cm":390,"minecraft:sprint_one_cm":608834,"minecraft:walk_one_cm":541239,"minecraft:damage_blocked_by_shield":2775,"minecraft:drop":63,"minecraft:play_time":103125,"minecraft:deaths":1,"minecraft:sneak_time":4779,"minecraft:walk_under_water_one_cm":7860,"minecraft:boat_one_cm":73122,"minecraft:jump":2625,"minecraft:interact_with_blast_furnace":11,"minecraft:walk_on_water_one_cm":13159,"minecraft:total_world_time":103125,"minecraft:interact_with_furnace":42,"minecraft:sleep_in_bed":4,"minecraft:time_since_rest":4469,"minecraft:damage_taken":1815,"minecraft:damage_dealt":9567,"minecraft:swim_one_cm":16167,"minecraft:fly_one_cm":659024,"minecraft:open_chest":4,"minecraft:crouch_one_cm":27782,"tombstone:undead_killed":23,"minecraft:interact_with_smoker":17,"minecraft:fall_one_cm":54763},"minecraft:mined":{"create:zinc_ore":1,"minecraft:white_bed":5,"minecraft:granite":1,"minecraft:grass_block":7,"minecraft:moss_block":2,"minecraft:furnace":4,"minecraft:iron_ore":1,"minecraft:andesite":4,"minecraft:stone":99,"minecraft:smoker":3,"minecraft:crafting_table":10,"minecraft:torch":2,"minecraft:blast_furnace":2,"minecraft:sugar_cane":2,"minecraft:diorite":6,"minecraft:birch_leaves":1,"minecraft:grass":8,"minecraft:oak_log":5,"minecraft:dirt":27,"minecraft:cobweb":5,"minecraft:oak_leaves":5},"minecraft:killed":{"minecraft:spider":2,"minecraft:skeleton":6,"minecraft:chicken":4,"minecraft:pig":10,"minecraft:creeper":2,"minecraft:sheep":11,"minecraft:zombie":18,"minecraft:enderman":1,"minecraft:cow":9},"minecraft:crafted":{"minecraft:oak_planks":80,"minecraft:smooth_stone":3,"minecraft:furnace":3,"minecraft:blast_furnace":1,"minecraft:stone":3,"minecraft:cooked_mutton":9,"minecraft:iron_boots":2,"minecraft:chest":2,"minecraft:smoker":1,"minecraft:cooked_beef":6,"minecraft:oak_slab":54,"sophisticatedbackpacks:backpack":2,"minecraft:cooked_porkchop":15,"minecraft:crafting_table":1,"minecraft:iron_helmet":2,"minecraft:iron_sword":1,"minecraft:bucket":2,"minecraft:stone_axe":1,"minecraft:air":0,"minecraft:oak_boat":1,"justhammers:iron_hammer":3,"minecraft:iron_chestplate":2,"minecraft:charcoal":18,"minecraft:shield":2,"minecraft:stick":20,"minecraft:iron_ingot":67,"minecraft:stone_sword":1,"minecraft:iron_leggings":2,"minecraft:white_bed":1,"minecraft:torch":64},"minecraft:picked_up":{"minecraft:charcoal":15,"minecraft:crafting_table":9,"minecraft:chicken":4,"minecraft:golden_shovel":1,"minecraft:string":8,"minecraft:raw_copper":176,"minecraft:cobbled_deepslate":311,"minecraft:bucket":2,"minecraft:beef":13,"minecraft:calcite":8,"minecraft:iron_pickaxe":1,"minecraft:light_gray_wool":1,"minecraft:sugar_cane":2,"minecraft:egg":2,"minecraft:furnace":4,"minecraft:raw_iron":88,"minecraft:stick":13,"minecraft:torch":4,"epicfight:skillbook":2,"minecraft:porkchop":15,"tombstone:grave_dust":6,"minecraft:diorite":4,"minecraft:redstone":45,"minecraft:arrow":13,"minecraft:rotten_flesh":21,"minecraft:tropical_fish":2,"minecraft:mutton":14,"minecraft:cobblestone":568,"minecraft:white_wool":7,"minecraft:feather":4,"minecraft:cooked_beef":7,"minecraft:andesite":159,"minecraft:leather":9,"minecraft:brown_wool":1,"minecraft:smoker":3,"minecraft:tuff":31,"minecraft:oak_log":59,"minecraft:gunpowder":2,"simple_hearts:rotten_heart":1,"minecraft:lapis_lazuli":46,"minecraft:dirt":15,"minecraft:bone":4,"minecraft:apple":2,"minecraft:wheat_seeds":3,"minecraft:raw_gold":4,"minecraft:iron_ingot":7,"minecraft:cooked_chicken":4,"minecraft:moss_block":2,"minecraft:cooked_porkchop":1,"minecraft:gravel":1,"minecraft:blast_furnace":2,"minecraft:white_bed":5,"minecraft:diamond":8,"minecraft:iron_helmet":1,"minecraft:granite":110,"minecraft:oak_sapling":27,"minecraft:coal":352},"minecraft:used":{"minecraft:stone_sword":128,"minecraft:shield":36,"minecraft:iron_sword":68,"minecraft:cooked_chicken":4,"minecraft:torch":69,"minecraft:dirt":10,"minecraft:iron_boots":1,"minecraft:oak_sapling":3,"minecraft:furnace":4,"tombstone:gift":1,"minecraft:egg":2,"minecraft:cooked_beef":6,"minecraft:cooked_mutton":5,"minecraft:water_bucket":6,"epicfight:skillbook":3,"minecraft:crafting_table":9,"minecraft:blast_furnace":2,"minecraft:white_bed":5,"minecraft:smoker":3,"justhammers:iron_hammer":211,"minecraft:iron_pickaxe":121,"minecraft:stone_axe":19,"minecraft:cobblestone":114,"minecraft:cooked_porkchop":15,"minecraft:bucket":7,"minecraft:oak_boat":1},"minecraft:broken":{"minecraft:stone_sword":1,"justhammers:iron_hammer":2},"minecraft:dropped":{"minecraft:iron_ingot":3,"minecraft:bread":10,"minecraft:moss_block":2,"minecraft:wheat_seeds":3,"minecraft:iron_helmet":2,"minecraft:cobblestone":162,"minecraft:apple":2,"minecraft:granite":110,"minecraft:tropical_fish":2,"minecraft:coal":27,"minecraft:dirt":5,"minecraft:diorite":4,"minecraft:torch":5,"minecraft:brown_wool":1,"minecraft:iron_leggings":1,"minecraft:bucket":3,"minecraft:bone":2,"minecraft:gravel":1,"alexsmobs:animal_dictionary":1,"minecraft:cobbled_deepslate":311,"minecraft:tuff":1,"minecraft:rotten_flesh":21,"minecraft:light_gray_wool":1,"minecraft:iron_boots":1,"sophisticatedbackpacks:backpack":1,"minecraft:cooked_mutton":4,"justhammers:iron_hammer":1,"minecraft:shield":1,"minecraft:iron_chestplate":1,"minecraft:andesite":159,"minecraft:oak_sapling":24,"minecraft:arrow":10,"minecraft:calcite":8},"minecraft:killed_by":{"alexsmobs:grizzly_bear":1}},"DataVersion":3465}