{"stats":{"minecraft:dropped":{"minecraft:iron_ingot":7,"minecraft:bread":21,"minecraft:iron_sword":1,"minecraft:moss_block":3,"minecraft:wheat_seeds":4,"minecraft:iron_helmet":2,"minecraft:cobblestone":1328,"minecraft:apple":2,"minecraft:granite":197,"minecraft:tropical_fish":2,"minecraft:coal":27,"minecraft:stick":4,"minecraft:dirt":79,"minecraft:diorite":70,"minecraft:ink_sac":6,"minecraft:torch":5,"simple_hearts:rotten_heart_piece":2,"minecraft:brown_wool":1,"minecraft:snowball":39,"tombstone:grave_dust":16,"minecraft:iron_leggings":1,"minecraft:raw_iron_block":1,"minecraft:string":4,"minecraft:white_wool":5,"minecraft:bucket":4,"minecraft:bone":3,"minecraft:gravel":1,"minecraft:moss_carpet":1,"create:ochrum":2,"alexsmobs:animal_dictionary":1,"minecraft:cobbled_deepslate":875,"minecraft:tuff":111,"minecraft:beetroot":3,"minecraft:rotten_flesh":72,"minecraft:light_gray_wool":2,"minecraft:clay_ball":90,"minecraft:oak_planks":1,"minecraft:iron_boots":2,"minecraft:light_gray_carpet":2,"sophisticatedbackpacks:backpack":1,"minecraft:cooked_mutton":4,"justhammers:iron_hammer":5,"minecraft:big_dripleaf":1,"minecraft:shield":3,"minecraft:iron_chestplate":1,"minecraft:andesite":170,"minecraft:azalea":1,"minecraft:oak_sapling":24,"minecraft:chainmail_boots":1,"tacz:ammo":120,"minecraft:arrow":22,"minecraft:bow":3,"minecraft:beef":4,"minecraft:calcite":8,"epicfight:skillbook":3},"minecraft:crafted":{"minecraft:oak_planks":140,"minecraft:smooth_stone":9,"minecraft:leather_boots":1,"minecraft:furnace":4,"minecraft:blast_furnace":3,"minecraft:stone":9,"minecraft:cooked_mutton":9,"minecraft:iron_boots":3,"minecraft:chest":2,"sophisticatedbackpacks:iron_backpack":1,"minecraft:smoker":1,"minecraft:cooked_beef":6,"minecraft:oak_slab":54,"sophisticatedbackpacks:backpack":2,"minecraft:cooked_porkchop":47,"minecraft:crafting_table":4,"minecraft:spruce_planks":4,"minecraft:iron_helmet":3,"minecraft:iron_sword":2,"tacz:gun_smith_table":1,"minecraft:copper_ingot":105,"minecraft:bucket":2,"minecraft:stone_axe":1,"minecraft:air":0,"minecraft:oak_boat":4,"justhammers:iron_hammer":7,"minecraft:iron_chestplate":3,"minecraft:charcoal":18,"minecraft:shield":3,"minecraft:stick":76,"minecraft:iron_ingot":159,"minecraft:stone_sword":1,"minecraft:iron_block":1,"minecraft:iron_leggings":3,"minecraft:white_bed":1,"minecraft:torch":196},"minecraft:broken":{"minecraft:stone_sword":1,"minecraft:iron_chestplate":1,"minecraft:golden_shovel":1,"minecraft:iron_leggings":1,"justhammers:iron_hammer":2,"minecraft:shield":1,"minecraft:leather_boots":1,"minecraft:iron_helmet":1},"minecraft:killed_by":{"minecraft:creeper":2,"iceandfire:sea_serpent":3,"iceandfire:ice_dragon":3,"minecraft:skeleton":2,"alexsmobs:grizzly_bear":2},"minecraft:used":{"minecraft:stone_sword":128,"minecraft:light_gray_carpet":4,"tacz:gun_smith_table":2,"minecraft:shield":82,"cataclysm:coral_bardiche":1,"minecraft:iron_sword":382,"tombstone:lollipop":1,"minecraft:cooked_salmon":29,"minecraft:cooked_chicken":4,"minecraft:torch":199,"minecraft:dirt":10,"minecraft:golden_shovel":32,"minecraft:iron_helmet":1,"minecraft:iron_boots":1,"minecraft:oak_sapling":3,"minecraft:furnace":7,"tombstone:gift":7,"minecraft:egg":2,"minecraft:cooked_beef":13,"minecraft:powder_snow_bucket":5,"minecraft:cooked_mutton":16,"minecraft:water_bucket":109,"epicfight:skillbook":8,"minecraft:diorite":2,"minecraft:crafting_table":23,"minecraft:blast_furnace":9,"minecraft:white_bed":7,"justhammers:iron_hammer":609,"minecraft:smoker":6,"minecraft:bread":18,"minecraft:iron_pickaxe":200,"tombstone:magic_scroll":4,"tombstone:grave_key":3,"minecraft:stone_axe":31,"minecraft:cobblestone":203,"minecraft:cooked_porkchop":43,"minecraft:bucket":115,"minecraft:oak_boat":17},"minecraft:killed":{"minecraft:witch":1,"minecraft:spider":6,"minecraft:slime":3,"minecraft:skeleton":29,"minecraft:chicken":4,"minecraft:pig":28,"minecraft:creeper":26,"minecraft:sheep":17,"cataclysm:deepling_brute":1,"minecraft:zombie":48,"iceandfire:sea_serpent":1,"minecraft:enderman":1,"minecraft:cow":11},"minecraft:custom":{"minecraft:mob_kills":180,"minecraft:interact_with_crafting_table":82,"minecraft:damage_dealt_resisted":33,"minecraft:leave_game":10,"minecraft:time_since_death":10743,"minecraft:climb_one_cm":629,"minecraft:sprint_one_cm":1649309,"minecraft:walk_one_cm":1195285,"minecraft:damage_blocked_by_shield":5610,"minecraft:drop":184,"tombstone:eaten_lollipop":1,"minecraft:damage_dealt_absorbed":55,"minecraft:play_time":313596,"minecraft:deaths":12,"minecraft:sneak_time":6058,"minecraft:walk_under_water_one_cm":32978,"minecraft:boat_one_cm":1203623,"minecraft:jump":7913,"minecraft:interact_with_blast_furnace":79,"minecraft:walk_on_water_one_cm":121171,"minecraft:total_world_time":313596,"minecraft:interact_with_furnace":56,"tombstone:raider_killed":1,"minecraft:sleep_in_bed":7,"minecraft:time_since_rest":10389,"minecraft:damage_taken":11153,"minecraft:damage_dealt":26519,"minecraft:swim_one_cm":43693,"minecraft:fly_one_cm":2295280,"minecraft:open_chest":11,"minecraft:crouch_one_cm":31978,"tombstone:undead_killed":76,"minecraft:interact_with_smoker":28,"minecraft:fall_one_cm":186956},"minecraft:mined":{"create:zinc_ore":1,"minecraft:white_bed":7,"minecraft:granite":1,"minecraft:grass_block":20,"minecraft:spruce_leaves":8,"minecraft:moss_block":3,"tacz:gun_smith_table":2,"minecraft:large_fern":2,"minecraft:furnace":7,"minecraft:carrots":1,"minecraft:iron_ore":26,"minecraft:andesite":4,"minecraft:gold_block":2,"minecraft:potatoes":1,"minecraft:stone":122,"minecraft:spruce_slab":1,"minecraft:podzol":1,"minecraft:light_gray_carpet":6,"minecraft:glass_pane":2,"minecraft:smoker":6,"minecraft:powder_snow":8,"minecraft:crafting_table":22,"minecraft:torch":3,"minecraft:blast_furnace":8,"minecraft:emerald_ore":1,"minecraft:tall_grass":4,"minecraft:cobblestone":1,"minecraft:sugar_cane":2,"minecraft:diorite":6,"minecraft:wall_torch":2,"minecraft:sweet_berry_bush":1,"minecraft:ice":5,"minecraft:white_carpet":1,"minecraft:birch_leaves":1,"minecraft:grass":13,"minecraft:oak_log":5,"minecraft:coal_ore":4,"minecraft:dirt":87,"minecraft:cobweb":5,"minecraft:oak_leaves":6},"minecraft:picked_up":{"minecraft:charcoal":28,"minecraft:crafting_table":21,"minecraft:chainmail_boots":1,"minecraft:clay_ball":90,"minecraft:chicken":4,"minecraft:gold_block":2,"minecraft:golden_shovel":1,"minecraft:shield":1,"minecraft:moss_carpet":1,"minecraft:string":18,"minecraft:raw_copper":249,"tacz:ammo":360,"minecraft:beetroot":3,"minecraft:cobbled_deepslate":875,"bosses_of_mass_destruction:soul_star":1,"minecraft:bucket":3,"minecraft:beef":21,"minecraft:spruce_slab":1,"minecraft:oak_boat":14,"minecraft:calcite":8,"minecraft:azalea":1,"minecraft:light_gray_wool":2,"minecraft:iron_pickaxe":1,"minecraft:sugar_cane":2,"minecraft:furnace":7,"minecraft:egg":2,"minecraft:stick":17,"minecraft:raw_iron":316,"minecraft:copper_ingot":29,"minecraft:torch":9,"epicfight:skillbook":7,"minecraft:porkchop":52,"tombstone:grave_dust":14,"minecraft:diorite":72,"minecraft:carrot":5,"minecraft:redstone":274,"tombstone:lollipop":1,"minecraft:arrow":24,"minecraft:rotten_flesh":69,"simple_hearts:rotten_heart_piece":2,"minecraft:tropical_fish":2,"create:ochrum":2,"minecraft:mutton":25,"minecraft:snowball":39,"minecraft:white_wool":12,"minecraft:cobblestone":1737,"minecraft:feather":4,"minecraft:cooked_beef":7,"minecraft:andesite":170,"cataclysm:coral_bardiche":1,"minecraft:brown_wool":1,"minecraft:leather":13,"minecraft:smoker":6,"minecraft:potato":5,"minecraft:tuff":111,"minecraft:oak_log":59,"minecraft:gunpowder":39,"simple_hearts:rotten_heart":1,"minecraft:lapis_lazuli":46,"minecraft:dirt":89,"minecraft:cooked_mutton":11,"minecraft:bone":13,"minecraft:apple":2,"minecraft:bow":5,"minecraft:wheat_seeds":4,"minecraft:raw_gold":20,"minecraft:iron_ingot":16,"minecraft:cooked_chicken":4,"tacz:gun_smith_table":2,"minecraft:moss_block":3,"minecraft:cooked_porkchop":1,"justhammers:iron_hammer":1,"minecraft:raw_iron_block":1,"minecraft:gravel":1,"minecraft:ink_sac":6,"minecraft:blast_furnace":8,"minecraft:white_bed":7,"minecraft:spruce_log":2,"minecraft:spider_eye":1,"minecraft:slime_ball":3,"minecraft:diamond":22,"tacz:modern_kinetic_gun":1,"waystones:waystone":3,"minecraft:iron_helmet":1,"minecraft:granite":197,"minecraft:bread":18,"minecraft:emerald":1,"tombstone:magic_scroll":1,"minecraft:oak_sapling":27,"minecraft:light_gray_carpet":6,"minecraft:coal":759}},"DataVersion":3465}