{"stats":{"minecraft:mined":{"minecraft:white_bed":3,"minecraft:crafting_table":3,"minecraft:grass_block":4,"minecraft:birch_leaves":1,"minecraft:grass":6,"minecraft:oak_log":5,"minecraft:dirt":12,"minecraft:stone":1,"minecraft:oak_leaves":4},"minecraft:custom":{"minecraft:interact_with_furnace":9,"minecraft:mob_kills":24,"minecraft:interact_with_crafting_table":12,"minecraft:leave_game":2,"minecraft:time_since_death":7555,"minecraft:sleep_in_bed":2,"minecraft:time_since_rest":5331,"minecraft:sprint_one_cm":251864,"minecraft:damage_taken":515,"minecraft:walk_one_cm":185981,"minecraft:drop":1,"minecraft:damage_dealt":2896,"minecraft:swim_one_cm":15227,"minecraft:fly_one_cm":325889,"minecraft:crouch_one_cm":7417,"minecraft:play_time":33207,"tombstone:undead_killed":3,"minecraft:deaths":1,"minecraft:sneak_time":967,"minecraft:walk_under_water_one_cm":394,"minecraft:jump":908,"minecraft:walk_on_water_one_cm":1837,"minecraft:total_world_time":33207,"minecraft:interact_with_smoker":6,"minecraft:fall_one_cm":19230},"minecraft:killed":{"minecraft:pig":4,"minecraft:sheep":7,"minecraft:skeleton":2,"minecraft:zombie":2,"minecraft:chicken":4,"minecraft:cow":5},"minecraft:crafted":{"minecraft:oak_slab":54,"minecraft:oak_planks":80,"minecraft:cooked_porkchop":9,"minecraft:crafting_table":1,"minecraft:furnace":2,"minecraft:stone_axe":1,"minecraft:cooked_mutton":4,"minecraft:air":0,"justhammers:iron_hammer":2,"minecraft:charcoal":18,"minecraft:stick":12,"minecraft:stone_sword":1,"minecraft:white_bed":1,"minecraft:torch":64,"minecraft:smoker":1},"minecraft:picked_up":{"minecraft:crafting_table":2,"minecraft:feather":4,"minecraft:chicken":4,"minecraft:andesite":21,"minecraft:leather":6,"minecraft:oak_log":59,"minecraft:dirt":12,"minecraft:raw_copper":138,"minecraft:apple":2,"minecraft:wheat_seeds":2,"minecraft:iron_ingot":6,"minecraft:beef":6,"minecraft:egg":2,"minecraft:raw_iron":8,"minecraft:stick":13,"minecraft:cooked_porkchop":1,"minecraft:porkchop":9,"minecraft:diorite":1,"minecraft:white_bed":3,"minecraft:arrow":3,"minecraft:rotten_flesh":6,"minecraft:granite":7,"minecraft:oak_sapling":14,"minecraft:mutton":10,"minecraft:coal":54,"minecraft:cobblestone":144,"minecraft:white_wool":7},"minecraft:used":{"minecraft:cooked_mutton":4,"minecraft:stone_sword":70,"minecraft:torch":2,"minecraft:dirt":6,"minecraft:crafting_table":3,"minecraft:white_bed":3,"minecraft:smoker":1,"justhammers:iron_hammer":43,"minecraft:stone_axe":10,"minecraft:furnace":1,"minecraft:oak_sapling":2,"minecraft:cooked_porkchop":3,"minecraft:egg":1},"minecraft:dropped":{"justhammers:iron_hammer":1},"minecraft:killed_by":{"alexsmobs:grizzly_bear":1}},"DataVersion":3465}