{"stats":{"minecraft:custom":{"minecraft:mob_kills":96,"minecraft:interact_with_crafting_table":47,"minecraft:damage_dealt_resisted":33,"minecraft:leave_game":9,"minecraft:time_since_death":3784,"minecraft:climb_one_cm":390,"minecraft:sprint_one_cm":1018126,"minecraft:walk_one_cm":725244,"minecraft:damage_blocked_by_shield":2775,"minecraft:drop":69,"tombstone:eaten_lollipop":1,"minecraft:damage_dealt_absorbed":40,"minecraft:play_time":161312,"minecraft:deaths":5,"minecraft:sneak_time":5351,"minecraft:walk_under_water_one_cm":20485,"minecraft:boat_one_cm":341870,"minecraft:jump":4361,"minecraft:interact_with_blast_furnace":19,"minecraft:walk_on_water_one_cm":44587,"minecraft:total_world_time":161312,"minecraft:interact_with_furnace":42,"minecraft:sleep_in_bed":5,"minecraft:time_since_rest":3615,"minecraft:damage_taken":4635,"minecraft:damage_dealt":14762,"minecraft:swim_one_cm":28150,"minecraft:fly_one_cm":1183926,"minecraft:open_chest":8,"minecraft:crouch_one_cm":29811,"tombstone:undead_killed":35,"minecraft:interact_with_smoker":23,"minecraft:fall_one_cm":95088},"minecraft:mined":{"create:zinc_ore":1,"minecraft:white_bed":6,"minecraft:granite":1,"minecraft:grass_block":10,"minecraft:spruce_leaves":8,"minecraft:moss_block":2,"minecraft:large_fern":2,"minecraft:furnace":4,"minecraft:iron_ore":16,"minecraft:andesite":4,"minecraft:gold_block":2,"minecraft:stone":115,"minecraft:light_gray_carpet":4,"minecraft:smoker":4,"minecraft:powder_snow":8,"minecraft:crafting_table":13,"minecraft:torch":2,"minecraft:blast_furnace":3,"minecraft:emerald_ore":1,"minecraft:sugar_cane":2,"minecraft:diorite":6,"minecraft:wall_torch":1,"minecraft:sweet_berry_bush":1,"minecraft:birch_leaves":1,"minecraft:grass":10,"minecraft:oak_log":5,"minecraft:coal_ore":3,"minecraft:dirt":38,"minecraft:cobweb":5,"minecraft:oak_leaves":6},"minecraft:killed":{"minecraft:spider":2,"minecraft:skeleton":10,"minecraft:chicken":4,"minecraft:pig":22,"minecraft:creeper":4,"minecraft:sheep":17,"minecraft:zombie":26,"minecraft:enderman":1,"minecraft:cow":9},"minecraft:crafted":{"minecraft:oak_planks":96,"minecraft:smooth_stone":3,"minecraft:leather_boots":1,"minecraft:furnace":3,"minecraft:blast_furnace":1,"minecraft:stone":3,"minecraft:cooked_mutton":9,"minecraft:iron_boots":2,"minecraft:chest":2,"minecraft:smoker":1,"minecraft:cooked_beef":6,"minecraft:oak_slab":54,"sophisticatedbackpacks:backpack":2,"minecraft:cooked_porkchop":42,"minecraft:crafting_table":2,"minecraft:iron_helmet":2,"minecraft:iron_sword":1,"tacz:gun_smith_table":1,"minecraft:bucket":2,"minecraft:stone_axe":1,"minecraft:air":0,"minecraft:oak_boat":2,"justhammers:iron_hammer":3,"minecraft:iron_chestplate":2,"minecraft:charcoal":18,"minecraft:shield":2,"minecraft:stick":20,"minecraft:iron_ingot":112,"minecraft:stone_sword":1,"minecraft:iron_block":1,"minecraft:iron_leggings":2,"minecraft:white_bed":1,"minecraft:torch":64},"minecraft:picked_up":{"minecraft:charcoal":15,"minecraft:crafting_table":12,"minecraft:chicken":4,"minecraft:gold_block":2,"minecraft:golden_shovel":1,"minecraft:string":8,"minecraft:raw_copper":176,"minecraft:cobbled_deepslate":311,"minecraft:bucket":2,"minecraft:beef":13,"minecraft:oak_boat":10,"minecraft:calcite":8,"minecraft:light_gray_wool":2,"minecraft:iron_pickaxe":1,"minecraft:sugar_cane":2,"minecraft:furnace":4,"minecraft:egg":2,"minecraft:stick":13,"minecraft:raw_iron":112,"minecraft:torch":5,"epicfight:skillbook":3,"minecraft:porkchop":42,"tombstone:grave_dust":8,"minecraft:diorite":4,"minecraft:redstone":45,"tombstone:lollipop":1,"minecraft:arrow":13,"minecraft:rotten_flesh":30,"minecraft:tropical_fish":2,"minecraft:mutton":25,"minecraft:snowball":23,"minecraft:white_wool":12,"minecraft:cobblestone":584,"minecraft:feather":4,"minecraft:cooked_beef":7,"minecraft:andesite":159,"minecraft:brown_wool":1,"minecraft:leather":9,"minecraft:smoker":4,"minecraft:tuff":31,"minecraft:oak_log":59,"minecraft:gunpowder":4,"simple_hearts:rotten_heart":1,"minecraft:lapis_lazuli":46,"minecraft:dirt":29,"minecraft:cooked_mutton":11,"minecraft:bone":6,"minecraft:apple":2,"minecraft:bow":2,"minecraft:wheat_seeds":3,"minecraft:raw_gold":4,"minecraft:iron_ingot":7,"minecraft:cooked_chicken":4,"minecraft:moss_block":2,"minecraft:cooked_porkchop":1,"minecraft:gravel":1,"minecraft:blast_furnace":3,"minecraft:white_bed":6,"minecraft:diamond":8,"tacz:modern_kinetic_gun":1,"minecraft:iron_helmet":1,"minecraft:granite":110,"minecraft:emerald":1,"minecraft:bread":18,"minecraft:oak_sapling":27,"minecraft:light_gray_carpet":4,"minecraft:coal":407},"minecraft:used":{"minecraft:stone_sword":128,"minecraft:light_gray_carpet":4,"tacz:gun_smith_table":1,"minecraft:shield":36,"minecraft:iron_sword":175,"tombstone:lollipop":1,"minecraft:cooked_salmon":14,"minecraft:cooked_chicken":4,"minecraft:torch":71,"minecraft:dirt":10,"minecraft:iron_boots":1,"minecraft:oak_sapling":3,"minecraft:furnace":4,"tombstone:gift":3,"minecraft:egg":2,"minecraft:cooked_beef":13,"minecraft:powder_snow_bucket":5,"minecraft:cooked_mutton":5,"minecraft:water_bucket":16,"epicfight:skillbook":3,"minecraft:crafting_table":13,"minecraft:blast_furnace":4,"minecraft:white_bed":6,"justhammers:iron_hammer":211,"minecraft:smoker":4,"minecraft:bread":12,"minecraft:iron_pickaxe":174,"tombstone:grave_key":3,"minecraft:stone_axe":22,"minecraft:cobblestone":131,"minecraft:cooked_porkchop":15,"minecraft:bucket":22,"minecraft:oak_boat":12},"minecraft:broken":{"minecraft:stone_sword":1,"justhammers:iron_hammer":2},"minecraft:dropped":{"minecraft:iron_ingot":3,"minecraft:bread":10,"minecraft:moss_block":2,"minecraft:wheat_seeds":3,"minecraft:iron_helmet":2,"minecraft:cobblestone":162,"minecraft:apple":2,"minecraft:granite":110,"minecraft:tropical_fish":2,"minecraft:coal":27,"minecraft:dirt":19,"minecraft:diorite":4,"minecraft:torch":5,"minecraft:brown_wool":1,"minecraft:snowball":4,"minecraft:iron_leggings":1,"minecraft:white_wool":5,"minecraft:bucket":3,"minecraft:bone":2,"minecraft:gravel":1,"alexsmobs:animal_dictionary":1,"minecraft:cobbled_deepslate":311,"minecraft:tuff":1,"minecraft:rotten_flesh":27,"minecraft:light_gray_wool":2,"minecraft:iron_boots":1,"sophisticatedbackpacks:backpack":1,"minecraft:cooked_mutton":4,"justhammers:iron_hammer":1,"minecraft:shield":1,"minecraft:iron_chestplate":1,"minecraft:andesite":159,"minecraft:oak_sapling":24,"minecraft:arrow":13,"minecraft:calcite":8},"minecraft:killed_by":{"iceandfire:ice_dragon":2,"minecraft:skeleton":1,"alexsmobs:grizzly_bear":2}},"DataVersion":3465}