{"stats":{"minecraft:mined":{"minecraft:grass_block":1,"minecraft:oak_leaves":1,"minecraft:dirt":2},"minecraft:custom":{"minecraft:jump":104,"minecraft:time_since_rest":3848,"minecraft:crouch_one_cm":322,"minecraft:sprint_one_cm":24471,"minecraft:leave_game":1,"minecraft:play_time":3848,"minecraft:damage_taken":50,"minecraft:time_since_death":3848,"minecraft:walk_one_cm":4451,"minecraft:sneak_time":67,"minecraft:total_world_time":3848,"minecraft:fall_one_cm":3149,"minecraft:fly_one_cm":45105}},"DataVersion":3465}