{"stats":{"minecraft:mined":{"minecraft:white_bed":4,"minecraft:smoker":1,"minecraft:crafting_table":5,"minecraft:torch":1,"minecraft:grass_block":5,"minecraft:sugar_cane":2,"minecraft:furnace":1,"minecraft:birch_leaves":1,"minecraft:grass":8,"minecraft:oak_log":5,"minecraft:dirt":14,"minecraft:cobweb":5,"minecraft:stone":2,"minecraft:oak_leaves":5},"minecraft:custom":{"minecraft:interact_with_furnace":12,"minecraft:mob_kills":41,"minecraft:interact_with_crafting_table":16,"minecraft:leave_game":2,"minecraft:time_since_death":31555,"minecraft:sleep_in_bed":3,"minecraft:time_since_rest":21595,"minecraft:sprint_one_cm":435452,"minecraft:damage_taken":850,"minecraft:walk_one_cm":309839,"minecraft:drop":26,"minecraft:damage_dealt":4736,"minecraft:swim_one_cm":15227,"minecraft:fly_one_cm":488077,"minecraft:open_chest":1,"minecraft:crouch_one_cm":16855,"minecraft:play_time":57207,"tombstone:undead_killed":3,"minecraft:deaths":1,"minecraft:sneak_time":2362,"minecraft:walk_under_water_one_cm":394,"minecraft:boat_one_cm":73122,"minecraft:jump":1507,"minecraft:walk_on_water_one_cm":1837,"minecraft:total_world_time":57207,"minecraft:interact_with_smoker":10,"minecraft:fall_one_cm":31113},"minecraft:killed":{"minecraft:pig":10,"minecraft:spider":2,"minecraft:creeper":1,"minecraft:sheep":11,"minecraft:skeleton":2,"minecraft:zombie":2,"minecraft:chicken":4,"minecraft:cow":9},"minecraft:picked_up":{"minecraft:charcoal":15,"minecraft:crafting_table":4,"minecraft:feather":4,"minecraft:chicken":4,"minecraft:andesite":63,"minecraft:brown_wool":1,"minecraft:leather":9,"minecraft:smoker":1,"minecraft:oak_log":59,"minecraft:string":8,"minecraft:dirt":15,"minecraft:raw_copper":159,"minecraft:apple":2,"minecraft:wheat_seeds":3,"minecraft:iron_ingot":6,"minecraft:beef":13,"minecraft:cooked_chicken":4,"minecraft:calcite":4,"minecraft:light_gray_wool":1,"minecraft:sugar_cane":2,"minecraft:furnace":1,"minecraft:egg":2,"minecraft:raw_iron":21,"minecraft:stick":13,"minecraft:cooked_porkchop":1,"minecraft:torch":2,"minecraft:porkchop":15,"minecraft:diorite":4,"minecraft:white_bed":4,"minecraft:arrow":6,"minecraft:rotten_flesh":6,"minecraft:granite":94,"minecraft:oak_sapling":26,"minecraft:mutton":14,"minecraft:coal":135,"minecraft:cobblestone":357,"minecraft:white_wool":7},"minecraft:crafted":{"minecraft:cooked_beef":6,"minecraft:oak_slab":54,"minecraft:oak_planks":80,"sophisticatedbackpacks:backpack":2,"minecraft:cooked_porkchop":9,"minecraft:crafting_table":1,"minecraft:furnace":2,"minecraft:stone_axe":1,"minecraft:cooked_mutton":5,"minecraft:air":0,"minecraft:oak_boat":1,"justhammers:iron_hammer":2,"minecraft:charcoal":18,"minecraft:stick":12,"minecraft:iron_ingot":13,"minecraft:stone_sword":1,"minecraft:chest":2,"minecraft:white_bed":1,"minecraft:torch":64,"minecraft:smoker":1},"minecraft:used":{"minecraft:cooked_mutton":4,"minecraft:stone_sword":116,"minecraft:torch":14,"minecraft:dirt":10,"minecraft:crafting_table":5,"minecraft:white_bed":4,"minecraft:smoker":1,"justhammers:iron_hammer":98,"minecraft:stone_axe":12,"minecraft:cobblestone":42,"minecraft:furnace":1,"minecraft:oak_sapling":2,"minecraft:cooked_porkchop":5,"minecraft:oak_boat":1,"minecraft:egg":2,"minecraft:cooked_beef":6},"minecraft:dropped":{"minecraft:wheat_seeds":3,"minecraft:cobblestone":34,"minecraft:rotten_flesh":6,"minecraft:light_gray_wool":1,"minecraft:apple":2,"sophisticatedbackpacks:backpack":1,"minecraft:granite":94,"justhammers:iron_hammer":1,"minecraft:coal":27,"minecraft:dirt":5,"minecraft:diorite":4,"minecraft:torch":3,"minecraft:andesite":63,"minecraft:brown_wool":1,"minecraft:oak_sapling":24,"minecraft:arrow":6,"minecraft:calcite":4},"minecraft:killed_by":{"alexsmobs:grizzly_bear":1}},"DataVersion":3465}