{"stats":{"minecraft:dropped":{"minecraft:iron_ingot":3,"minecraft:bread":10,"minecraft:moss_block":2,"minecraft:wheat_seeds":3,"minecraft:iron_helmet":2,"minecraft:cobblestone":290,"minecraft:apple":2,"minecraft:granite":110,"minecraft:tropical_fish":2,"minecraft:coal":27,"minecraft:stick":4,"minecraft:dirt":19,"minecraft:diorite":4,"minecraft:ink_sac":6,"minecraft:torch":5,"minecraft:brown_wool":1,"minecraft:snowball":39,"tombstone:grave_dust":10,"minecraft:iron_leggings":1,"minecraft:string":2,"minecraft:white_wool":5,"minecraft:bucket":3,"minecraft:bone":2,"minecraft:gravel":1,"alexsmobs:animal_dictionary":1,"minecraft:cobbled_deepslate":311,"minecraft:tuff":31,"minecraft:beetroot":3,"minecraft:rotten_flesh":35,"minecraft:light_gray_wool":2,"minecraft:iron_boots":1,"minecraft:light_gray_carpet":2,"sophisticatedbackpacks:backpack":1,"minecraft:cooked_mutton":4,"justhammers:iron_hammer":1,"minecraft:shield":2,"minecraft:iron_chestplate":1,"minecraft:andesite":159,"minecraft:oak_sapling":24,"minecraft:arrow":13,"minecraft:bow":3,"minecraft:calcite":8},"minecraft:crafted":{"minecraft:oak_planks":108,"minecraft:smooth_stone":6,"minecraft:leather_boots":1,"minecraft:furnace":4,"minecraft:blast_furnace":2,"minecraft:stone":6,"minecraft:cooked_mutton":9,"minecraft:iron_boots":2,"minecraft:chest":2,"minecraft:smoker":1,"minecraft:cooked_beef":6,"minecraft:oak_slab":54,"sophisticatedbackpacks:backpack":2,"minecraft:cooked_porkchop":42,"minecraft:crafting_table":3,"minecraft:iron_helmet":2,"minecraft:iron_sword":1,"tacz:gun_smith_table":1,"minecraft:copper_ingot":15,"minecraft:bucket":2,"minecraft:stone_axe":1,"minecraft:air":0,"minecraft:oak_boat":3,"justhammers:iron_hammer":4,"minecraft:iron_chestplate":2,"minecraft:charcoal":18,"minecraft:shield":2,"minecraft:stick":44,"minecraft:iron_ingot":121,"minecraft:stone_sword":1,"minecraft:iron_block":1,"minecraft:iron_leggings":2,"minecraft:white_bed":1,"minecraft:torch":144},"minecraft:killed_by":{"iceandfire:sea_serpent":2,"iceandfire:ice_dragon":3,"minecraft:skeleton":1,"alexsmobs:grizzly_bear":2},"minecraft:broken":{"minecraft:stone_sword":1,"minecraft:golden_shovel":1,"justhammers:iron_hammer":2,"minecraft:leather_boots":1},"minecraft:used":{"minecraft:stone_sword":128,"minecraft:light_gray_carpet":4,"tacz:gun_smith_table":2,"minecraft:shield":36,"minecraft:iron_sword":179,"tombstone:lollipop":1,"minecraft:cooked_salmon":14,"minecraft:cooked_chicken":4,"minecraft:torch":73,"minecraft:dirt":10,"minecraft:golden_shovel":32,"minecraft:iron_boots":1,"minecraft:oak_sapling":3,"minecraft:furnace":6,"tombstone:gift":5,"minecraft:egg":2,"minecraft:cooked_beef":13,"minecraft:powder_snow_bucket":5,"minecraft:cooked_mutton":15,"minecraft:water_bucket":17,"epicfight:skillbook":4,"minecraft:crafting_table":15,"minecraft:blast_furnace":5,"minecraft:white_bed":6,"justhammers:iron_hammer":232,"minecraft:smoker":4,"minecraft:bread":18,"minecraft:iron_pickaxe":200,"tombstone:grave_key":3,"minecraft:stone_axe":24,"minecraft:cobblestone":143,"minecraft:cooked_porkchop":15,"minecraft:bucket":23,"minecraft:oak_boat":16},"minecraft:killed":{"minecraft:spider":2,"minecraft:skeleton":10,"minecraft:chicken":4,"minecraft:pig":22,"minecraft:creeper":4,"minecraft:sheep":17,"minecraft:zombie":26,"minecraft:enderman":1,"minecraft:cow":11},"minecraft:custom":{"minecraft:mob_kills":98,"minecraft:interact_with_crafting_table":56,"minecraft:damage_dealt_resisted":33,"minecraft:leave_game":9,"minecraft:time_since_death":25988,"minecraft:climb_one_cm":390,"minecraft:sprint_one_cm":1263384,"minecraft:walk_one_cm":810707,"minecraft:damage_blocked_by_shield":2775,"minecraft:drop":93,"tombstone:eaten_lollipop":1,"minecraft:damage_dealt_absorbed":40,"minecraft:play_time":208920,"minecraft:deaths":8,"minecraft:sneak_time":5680,"minecraft:walk_under_water_one_cm":23255,"minecraft:boat_one_cm":761706,"minecraft:jump":5527,"minecraft:interact_with_blast_furnace":25,"minecraft:walk_on_water_one_cm":48864,"minecraft:total_world_time":208920,"minecraft:interact_with_furnace":51,"minecraft:sleep_in_bed":6,"minecraft:time_since_rest":24980,"minecraft:damage_taken":5855,"minecraft:damage_dealt":14962,"minecraft:swim_one_cm":36989,"minecraft:fly_one_cm":1748920,"minecraft:open_chest":9,"minecraft:crouch_one_cm":30624,"tombstone:undead_killed":35,"minecraft:interact_with_smoker":23,"minecraft:fall_one_cm":134735},"minecraft:mined":{"create:zinc_ore":1,"minecraft:white_bed":6,"minecraft:granite":1,"minecraft:grass_block":20,"minecraft:spruce_leaves":8,"minecraft:moss_block":2,"tacz:gun_smith_table":1,"minecraft:large_fern":2,"minecraft:furnace":6,"minecraft:carrots":1,"minecraft:iron_ore":26,"minecraft:andesite":4,"minecraft:gold_block":2,"minecraft:potatoes":1,"minecraft:stone":118,"minecraft:light_gray_carpet":6,"minecraft:glass_pane":2,"minecraft:smoker":4,"minecraft:powder_snow":8,"minecraft:crafting_table":15,"minecraft:torch":3,"minecraft:blast_furnace":4,"minecraft:emerald_ore":1,"minecraft:cobblestone":1,"minecraft:sugar_cane":2,"minecraft:diorite":6,"minecraft:wall_torch":1,"minecraft:sweet_berry_bush":1,"minecraft:ice":5,"minecraft:white_carpet":1,"minecraft:birch_leaves":1,"minecraft:grass":10,"minecraft:oak_log":5,"minecraft:coal_ore":3,"minecraft:dirt":73,"minecraft:cobweb":5,"minecraft:oak_leaves":6},"minecraft:picked_up":{"minecraft:charcoal":28,"minecraft:crafting_table":14,"minecraft:chicken":4,"minecraft:gold_block":2,"minecraft:golden_shovel":1,"minecraft:string":10,"minecraft:raw_copper":176,"tacz:ammo":60,"minecraft:beetroot":3,"minecraft:cobbled_deepslate":311,"minecraft:bucket":2,"minecraft:beef":17,"minecraft:oak_boat":14,"minecraft:calcite":8,"minecraft:light_gray_wool":2,"minecraft:iron_pickaxe":1,"minecraft:sugar_cane":2,"minecraft:furnace":6,"minecraft:egg":2,"minecraft:stick":17,"minecraft:raw_iron":122,"minecraft:torch":6,"epicfight:skillbook":3,"minecraft:porkchop":42,"tombstone:grave_dust":8,"minecraft:diorite":4,"minecraft:carrot":5,"minecraft:redstone":45,"tombstone:lollipop":1,"minecraft:arrow":13,"minecraft:rotten_flesh":35,"minecraft:tropical_fish":2,"minecraft:mutton":25,"minecraft:snowball":39,"minecraft:white_wool":12,"minecraft:cobblestone":669,"minecraft:feather":4,"minecraft:cooked_beef":7,"minecraft:andesite":159,"minecraft:brown_wool":1,"minecraft:leather":13,"minecraft:smoker":4,"minecraft:potato":5,"minecraft:tuff":31,"minecraft:oak_log":59,"minecraft:gunpowder":4,"simple_hearts:rotten_heart":1,"minecraft:lapis_lazuli":46,"minecraft:dirt":74,"minecraft:cooked_mutton":11,"minecraft:bone":6,"minecraft:apple":2,"minecraft:bow":4,"minecraft:wheat_seeds":3,"minecraft:raw_gold":4,"minecraft:iron_ingot":8,"minecraft:cooked_chicken":4,"tacz:gun_smith_table":1,"minecraft:moss_block":2,"minecraft:cooked_porkchop":1,"minecraft:gravel":1,"minecraft:ink_sac":6,"minecraft:blast_furnace":4,"minecraft:white_bed":6,"minecraft:spruce_log":2,"minecraft:diamond":8,"tacz:modern_kinetic_gun":1,"waystones:waystone":3,"minecraft:iron_helmet":1,"minecraft:granite":110,"minecraft:bread":18,"minecraft:emerald":1,"minecraft:oak_sapling":27,"minecraft:light_gray_carpet":6,"minecraft:coal":478}},"DataVersion":3465}