{"stats":{"minecraft:mined":{"minecraft:white_bed":2,"minecraft:crafting_table":3,"minecraft:grass":6,"minecraft:grass_block":4,"minecraft:oak_log":5,"minecraft:dirt":12,"minecraft:stone":1,"minecraft:oak_leaves":4},"minecraft:custom":{"minecraft:time_since_rest":1833,"minecraft:interact_with_furnace":4,"minecraft:sprint_one_cm":165137,"minecraft:damage_taken":185,"minecraft:walk_one_cm":101358,"minecraft:mob_kills":20,"minecraft:drop":1,"minecraft:damage_dealt":1910,"minecraft:swim_one_cm":15227,"minecraft:interact_with_crafting_table":8,"minecraft:fly_one_cm":219486,"minecraft:crouch_one_cm":3511,"minecraft:play_time":21207,"minecraft:sneak_time":409,"minecraft:walk_under_water_one_cm":394,"minecraft:jump":586,"minecraft:leave_game":2,"minecraft:time_since_death":21207,"minecraft:walk_on_water_one_cm":1837,"minecraft:sleep_in_bed":2,"minecraft:total_world_time":21207,"minecraft:fall_one_cm":13479},"minecraft:crafted":{"minecraft:oak_planks":80,"minecraft:oak_slab":30,"justhammers:iron_hammer":2,"minecraft:crafting_table":1,"minecraft:stick":12,"minecraft:stone_sword":1,"minecraft:white_bed":1,"minecraft:stone_axe":1,"minecraft:cooked_mutton":4},"minecraft:killed":{"minecraft:sheep":7,"minecraft:skeleton":1,"minecraft:pig":4,"minecraft:chicken":3,"minecraft:cow":5},"minecraft:picked_up":{"minecraft:crafting_table":2,"minecraft:stick":3,"minecraft:raw_iron":1,"minecraft:feather":3,"minecraft:chicken":3,"minecraft:cooked_porkchop":1,"minecraft:leather":6,"minecraft:porkchop":9,"minecraft:oak_log":19,"minecraft:white_bed":2,"minecraft:dirt":12,"minecraft:arrow":2,"minecraft:rotten_flesh":3,"minecraft:apple":1,"minecraft:wheat_seeds":2,"minecraft:beef":6,"minecraft:iron_ingot":6,"minecraft:oak_sapling":1,"minecraft:mutton":10,"minecraft:coal":1,"minecraft:white_wool":7,"minecraft:cobblestone":27,"minecraft:egg":2},"minecraft:used":{"minecraft:cooked_mutton":4,"minecraft:stone_sword":50,"minecraft:stone_axe":6,"minecraft:dirt":4,"minecraft:crafting_table":2,"minecraft:cooked_porkchop":1,"minecraft:white_bed":3,"minecraft:egg":1,"justhammers:iron_hammer":4},"minecraft:dropped":{"justhammers:iron_hammer":1}},"DataVersion":3465}