{"stats":{"minecraft:dropped":{"minecraft:iron_ingot":3,"minecraft:bread":10,"minecraft:iron_sword":1,"minecraft:moss_block":3,"minecraft:wheat_seeds":4,"minecraft:iron_helmet":2,"minecraft:cobblestone":891,"minecraft:apple":2,"minecraft:granite":130,"minecraft:tropical_fish":2,"minecraft:coal":27,"minecraft:stick":4,"minecraft:dirt":72,"minecraft:diorite":70,"minecraft:ink_sac":6,"minecraft:torch":5,"simple_hearts:rotten_heart_piece":2,"minecraft:brown_wool":1,"minecraft:snowball":39,"tombstone:grave_dust":10,"minecraft:iron_leggings":1,"minecraft:raw_iron_block":1,"minecraft:string":4,"minecraft:white_wool":5,"minecraft:bucket":4,"minecraft:bone":3,"minecraft:gravel":1,"minecraft:moss_carpet":1,"create:ochrum":2,"alexsmobs:animal_dictionary":1,"minecraft:cobbled_deepslate":574,"minecraft:tuff":110,"minecraft:beetroot":3,"minecraft:rotten_flesh":50,"minecraft:light_gray_wool":2,"minecraft:clay_ball":90,"minecraft:oak_planks":1,"minecraft:iron_boots":1,"minecraft:light_gray_carpet":2,"sophisticatedbackpacks:backpack":1,"minecraft:cooked_mutton":4,"justhammers:iron_hammer":4,"minecraft:big_dripleaf":1,"minecraft:shield":3,"minecraft:iron_chestplate":1,"minecraft:andesite":170,"minecraft:azalea":1,"minecraft:oak_sapling":24,"minecraft:chainmail_boots":1,"minecraft:arrow":16,"minecraft:bow":3,"minecraft:beef":4,"minecraft:calcite":8,"epicfight:skillbook":2},"minecraft:crafted":{"minecraft:oak_planks":128,"minecraft:smooth_stone":6,"minecraft:leather_boots":1,"minecraft:furnace":4,"minecraft:blast_furnace":2,"minecraft:stone":6,"minecraft:cooked_mutton":9,"minecraft:iron_boots":2,"minecraft:chest":2,"sophisticatedbackpacks:iron_backpack":1,"minecraft:smoker":1,"minecraft:cooked_beef":6,"minecraft:oak_slab":54,"sophisticatedbackpacks:backpack":2,"minecraft:cooked_porkchop":42,"minecraft:crafting_table":4,"minecraft:spruce_planks":4,"minecraft:iron_helmet":3,"minecraft:iron_sword":2,"tacz:gun_smith_table":1,"minecraft:copper_ingot":15,"minecraft:bucket":2,"minecraft:stone_axe":1,"minecraft:air":0,"minecraft:oak_boat":3,"justhammers:iron_hammer":6,"minecraft:iron_chestplate":2,"minecraft:charcoal":18,"minecraft:shield":3,"minecraft:stick":72,"minecraft:iron_ingot":148,"minecraft:stone_sword":1,"minecraft:iron_block":1,"minecraft:iron_leggings":2,"minecraft:white_bed":1,"minecraft:torch":196},"minecraft:broken":{"minecraft:stone_sword":1,"minecraft:golden_shovel":1,"justhammers:iron_hammer":2,"minecraft:leather_boots":1,"minecraft:iron_helmet":1},"minecraft:killed_by":{"minecraft:creeper":2,"iceandfire:sea_serpent":2,"iceandfire:ice_dragon":3,"minecraft:skeleton":1,"alexsmobs:grizzly_bear":2},"minecraft:used":{"minecraft:stone_sword":128,"minecraft:light_gray_carpet":4,"tacz:gun_smith_table":2,"minecraft:shield":69,"minecraft:iron_sword":308,"tombstone:lollipop":1,"minecraft:cooked_salmon":14,"minecraft:cooked_chicken":4,"minecraft:torch":186,"minecraft:dirt":10,"minecraft:golden_shovel":32,"minecraft:iron_helmet":1,"minecraft:iron_boots":1,"minecraft:oak_sapling":3,"minecraft:furnace":6,"tombstone:gift":7,"minecraft:egg":2,"minecraft:cooked_beef":13,"minecraft:powder_snow_bucket":5,"minecraft:cooked_mutton":16,"minecraft:water_bucket":85,"epicfight:skillbook":6,"minecraft:diorite":2,"minecraft:crafting_table":20,"minecraft:blast_furnace":7,"minecraft:white_bed":6,"justhammers:iron_hammer":426,"minecraft:smoker":4,"minecraft:bread":18,"minecraft:iron_pickaxe":200,"tombstone:magic_scroll":4,"tombstone:grave_key":3,"minecraft:stone_axe":27,"minecraft:cobblestone":177,"minecraft:cooked_porkchop":39,"minecraft:bucket":91,"minecraft:oak_boat":16},"minecraft:killed":{"minecraft:witch":1,"minecraft:spider":4,"minecraft:slime":3,"minecraft:skeleton":21,"minecraft:chicken":4,"minecraft:pig":22,"minecraft:creeper":5,"minecraft:sheep":17,"minecraft:zombie":47,"minecraft:enderman":1,"minecraft:cow":11},"minecraft:custom":{"minecraft:mob_kills":138,"minecraft:interact_with_crafting_table":72,"minecraft:damage_dealt_resisted":33,"minecraft:leave_game":9,"minecraft:time_since_death":27435,"minecraft:climb_one_cm":629,"minecraft:sprint_one_cm":1472659,"minecraft:walk_one_cm":1026224,"minecraft:damage_blocked_by_shield":5010,"minecraft:drop":158,"tombstone:eaten_lollipop":1,"minecraft:damage_dealt_absorbed":40,"minecraft:play_time":250920,"minecraft:deaths":10,"minecraft:sneak_time":5939,"minecraft:walk_under_water_one_cm":27332,"minecraft:boat_one_cm":761706,"minecraft:jump":6746,"minecraft:interact_with_blast_furnace":37,"minecraft:walk_on_water_one_cm":106624,"minecraft:total_world_time":250920,"minecraft:interact_with_furnace":51,"tombstone:raider_killed":1,"minecraft:sleep_in_bed":6,"minecraft:time_since_rest":27104,"minecraft:damage_taken":8764,"minecraft:damage_dealt":22421,"minecraft:swim_one_cm":42435,"minecraft:fly_one_cm":2044438,"minecraft:open_chest":9,"minecraft:crouch_one_cm":31848,"tombstone:undead_killed":67,"minecraft:interact_with_smoker":23,"minecraft:fall_one_cm":164820},"minecraft:mined":{"create:zinc_ore":1,"minecraft:white_bed":6,"minecraft:granite":1,"minecraft:grass_block":20,"minecraft:spruce_leaves":8,"minecraft:moss_block":3,"tacz:gun_smith_table":1,"minecraft:large_fern":2,"minecraft:furnace":6,"minecraft:carrots":1,"minecraft:iron_ore":26,"minecraft:andesite":4,"minecraft:gold_block":2,"minecraft:potatoes":1,"minecraft:stone":122,"minecraft:light_gray_carpet":6,"minecraft:glass_pane":2,"minecraft:smoker":4,"minecraft:powder_snow":8,"minecraft:crafting_table":19,"minecraft:torch":3,"minecraft:blast_furnace":6,"minecraft:emerald_ore":1,"minecraft:tall_grass":2,"minecraft:cobblestone":1,"minecraft:sugar_cane":2,"minecraft:diorite":6,"minecraft:wall_torch":1,"minecraft:sweet_berry_bush":1,"minecraft:ice":5,"minecraft:white_carpet":1,"minecraft:birch_leaves":1,"minecraft:grass":12,"minecraft:oak_log":5,"minecraft:coal_ore":4,"minecraft:dirt":81,"minecraft:cobweb":5,"minecraft:oak_leaves":6},"minecraft:picked_up":{"minecraft:charcoal":28,"minecraft:crafting_table":18,"minecraft:chainmail_boots":1,"minecraft:clay_ball":90,"minecraft:chicken":4,"minecraft:gold_block":2,"minecraft:golden_shovel":1,"minecraft:shield":1,"minecraft:moss_carpet":1,"minecraft:string":14,"minecraft:raw_copper":210,"tacz:ammo":60,"minecraft:beetroot":3,"minecraft:cobbled_deepslate":574,"bosses_of_mass_destruction:soul_star":1,"minecraft:bucket":3,"minecraft:beef":21,"minecraft:oak_boat":14,"minecraft:calcite":8,"minecraft:azalea":1,"minecraft:light_gray_wool":2,"minecraft:iron_pickaxe":1,"minecraft:sugar_cane":2,"minecraft:furnace":6,"minecraft:egg":2,"minecraft:stick":17,"minecraft:raw_iron":316,"minecraft:torch":8,"epicfight:skillbook":5,"minecraft:porkchop":42,"tombstone:grave_dust":14,"minecraft:diorite":72,"minecraft:carrot":5,"minecraft:redstone":168,"tombstone:lollipop":1,"minecraft:arrow":20,"minecraft:rotten_flesh":68,"simple_hearts:rotten_heart_piece":2,"minecraft:tropical_fish":2,"create:ochrum":2,"minecraft:mutton":25,"minecraft:snowball":39,"minecraft:white_wool":12,"minecraft:cobblestone":1159,"minecraft:feather":4,"minecraft:cooked_beef":7,"minecraft:andesite":170,"minecraft:brown_wool":1,"minecraft:leather":13,"minecraft:smoker":4,"minecraft:potato":5,"minecraft:tuff":110,"minecraft:oak_log":59,"minecraft:gunpowder":6,"simple_hearts:rotten_heart":1,"minecraft:lapis_lazuli":46,"minecraft:dirt":82,"minecraft:cooked_mutton":11,"minecraft:bone":7,"minecraft:apple":2,"minecraft:bow":5,"minecraft:wheat_seeds":4,"minecraft:raw_gold":16,"minecraft:iron_ingot":16,"minecraft:cooked_chicken":4,"tacz:gun_smith_table":1,"minecraft:moss_block":3,"minecraft:cooked_porkchop":1,"justhammers:iron_hammer":1,"minecraft:raw_iron_block":1,"minecraft:gravel":1,"minecraft:ink_sac":6,"minecraft:blast_furnace":6,"minecraft:white_bed":6,"minecraft:spruce_log":2,"minecraft:spider_eye":1,"minecraft:slime_ball":3,"minecraft:diamond":22,"tacz:modern_kinetic_gun":1,"waystones:waystone":3,"minecraft:iron_helmet":1,"minecraft:granite":130,"minecraft:bread":18,"minecraft:emerald":1,"tombstone:magic_scroll":1,"minecraft:oak_sapling":27,"minecraft:light_gray_carpet":6,"minecraft:coal":619}},"DataVersion":3465}